Nome,Ruolo,Squadra,Prezzo,FVM,Pt_giornata,Valore_stagionale,Valore_per_credito
Svilar,P,Roma,18,75,5.22,177.5,9.861
Martinez Jo.,P,Inter,17,63,6.72,228.5,13.441
Carnesecchi,P,Atalanta,16,52,5.3,180.2,11.262
Butez,P,Como,16,54,6.67,226.8,14.175
Vicario,P,Juventus,16,58,6.38,216.9,13.556
Maignan,P,Milan,15,50,5.07,172.4,11.493
De Gea,P,Fiorentina,12,40,4.34,147.6,12.3
Meret,P,Napoli,11,53,8.21,279.1,25.373
Skorupski,P,Bologna,10,36,5.83,198.2,19.82
Caprile,P,Cagliari,10,28,7.46,253.6,25.36
Mandas,P,Lazio,10,32,5.01,170.3,17.03
Di Gregorio,P,Juventus,9,10,4.51,153.3,17.033
Falcone,P,Lecce,9,30,5.45,185.3,20.589
Okoye,P,Udinese,9,29,6.66,226.4,25.156
Bijlow,P,Genoa,8,17,4.73,160.8,20.1
Daffara,P,Parma,7,10,7.21,245.1,35.014
Muric,P,Sassuolo,7,15,4.69,159.5,22.786
Perin,P,Juventus,6,5,6.46,219.6,36.6
Stankovic F.,P,Venezia,6,12,6.34,215.6,35.933
Palmisani,P,Frosinone,5,12,5.13,174.4,34.88
Thiam,P,Monza,5,11,8.03,273.0,54.6
Milinkovic-Savic V.,P,Napoli,5,7,7.78,264.5,52.9
Desplanches,P,Frosinone,2,3,5.42,184.3,92.15
Provedel,P,Inter,2,5,4.47,152.0,76.0
Sportiello,P,Atalanta,1,1,9.67,328.8,328.8
Happonen,P,Bologna,1,1,6.67,226.8,226.8
Pessina Mas.,P,Bologna,1,1,4.85,164.9,164.9
Sherri,P,Cagliari,1,1,6.93,235.6,235.6
Tornqvist,P,Como,1,1,9.34,317.6,317.6
Vigorito,P,Como,1,1,5.69,193.5,193.5
Christensen O.,P,Fiorentina,1,1,7.12,242.1,242.1
Lezzerini,P,Fiorentina,1,1,5.64,191.8,191.8
Lolic,P,Frosinone,1,1,4.9,166.6,166.6
Sommariva,P,Genoa,1,1,4.84,164.6,164.6
Stolz,P,Genoa,1,1,6.1,207.4,207.4
Di Gennaro,P,Inter,1,1,6.69,227.5,227.5
Pinsoglio,P,Juventus,1,1,7.04,239.4,239.4
Motta,P,Lazio,1,1,8.67,294.8,294.8
Renzetti,P,Lazio,1,1,4.6,156.4,156.4
Terracciano,P,Milan,1,1,4.93,167.6,167.6
Torriani,P,Milan,1,1,6.49,220.7,220.7
Pizzignacco,P,Monza,1,1,5.99,203.7,203.7
Strajnar,P,Monza,1,1,7.53,256.0,256.0
Contini,P,Napoli,1,1,6.29,213.9,213.9
Corvi,P,Parma,1,10,5.86,199.2,199.2
De Marzi,P,Roma,1,1,6.84,232.6,232.6
Gollini,P,Roma,1,1,6.88,233.9,233.9
Russo A.,P,Sassuolo,1,1,5.5,187.0,187.0
Turati,P,Sassuolo,1,1,7.39,251.3,251.3
Mascardi,P,Torino,1,13,9.73,330.8,330.8
Paleari,P,Torino,1,1,6.49,220.7,220.7
Siviero,P,Torino,1,1,5.12,174.1,174.1
Padelli,P,Udinese,1,1,6.03,205.0,205.0
Piana,P,Udinese,1,1,9.51,323.3,323.3
Grandi,P,Venezia,1,1,4.72,160.5,160.5
Pozzi,P,Venezia,1,1,7.13,242.4,242.4
Vismara,P,Atalanta,1,1,7.6,258.4,258.4
Satalino,P,Sassuolo,1,1,4.16,141.4,141.4
Penev,P,Lecce,1,1,4.65,158.1,158.1
Pisseri,P,Frosinone,1,1,6.53,222.0,222.0
Radunovic,P,Cagliari,1,1,7.74,263.2,263.2
Montipò,P,Venezia,1,1,4.94,168.0,168.0
Bleve,P,Lecce,1,1,6.25,212.5,212.5
Dimarco,D,Inter,31,253,9.92,337.3,10.881
Molina N.,D,Roma,18,80,6.57,223.4,12.411
Wesley,D,Roma,17,82,5.02,170.7,10.041
Akanji,D,Inter,16,51,8.03,273.0,17.062
Bremer,D,Juventus,16,60,6.64,225.8,14.113
Mancini,D,Roma,15,49,4.27,145.2,9.68
Bastoni,D,Inter,14,43,5.23,177.8,12.7
Pavlovic,D,Milan,14,48,6.08,206.7,14.764
Rrahmani,D,Napoli,14,51,6.25,212.5,15.179
Kalulu,D,Juventus,13,46,4.96,168.6,12.969
N'Dicka,D,Roma,13,44,6.8,231.2,17.785
Solet,D,Udinese,13,46,5.8,197.2,15.169
Bisseck,D,Inter,12,37,7.14,242.8,20.233
Stones,D,Inter,12,30,6.67,226.8,18.9
Gila,D,Milan,12,31,6.86,233.2,19.433
Di Lorenzo,D,Napoli,12,40,8.58,291.7,24.308
Spence,D,Inter,12,40,6.11,207.7,17.308
Ostigard,D,Genoa,11,43,8.83,300.2,27.291
Scalvini,D,Atalanta,10,28,6.75,229.5,22.95
Ramon,D,Como,10,32,6.6,224.4,22.44
Dodò,D,Fiorentina,10,20,9.0,306.0,30.6
Hermoso,D,Roma,10,26,5.45,185.3,18.53
Vasquez,D,Genoa,9,32,3.94,134.0,14.889
Cambiaso,D,Juventus,9,25,6.97,237.0,26.333
Tiago Gabriel,D,Lecce,9,20,7.52,255.7,28.411
Chalobah T.,D,Como,9,30,6.63,225.4,25.044
Hien,D,Atalanta,8,11,4.76,161.8,20.225
Zappacosta,D,Atalanta,8,19,6.34,215.6,26.95
Lucumì,D,Juventus,8,18,5.82,197.9,24.738
Miranda J.,D,Bologna,8,24,6.79,230.9,28.863
Mina,D,Cagliari,8,20,4.87,165.6,20.7
Jimenez A.,D,Fiorentina,8,23,6.75,229.5,28.688
Norton-Cuffy,D,Genoa,8,21,5.05,171.7,21.462
Celik,D,Juventus,8,15,4.76,161.8,20.225
Doekhi,D,Lazio,8,16,7.32,248.9,31.113
Bartesaghi,D,Milan,8,22,4.08,138.7,17.337
Spinazzola,D,Napoli,8,25,6.46,219.6,27.45
Delprato,D,Parma,8,21,7.35,249.9,31.238
Valeri,D,Parma,8,24,4.68,159.1,19.887
Koulierakis,D,Roma,8,17,7.87,267.6,33.45
Vojvoda,D,Udinese,8,19,4.4,149.6,18.7
Kamara H.,D,Udinese,8,12,6.13,208.4,26.05
Couto,D,Como,8,26,5.62,191.1,23.887
Obert,D,Cagliari,7,15,5.64,191.8,27.4
Kaiki,D,Como,7,16,4.74,161.2,23.029
Dragusin,D,Fiorentina,7,27,5.23,177.8,25.4
Carlos Augusto,D,Inter,7,25,6.54,222.4,31.771
Romagnoli,D,Lazio,7,22,7.88,267.9,38.271
Gabbia,D,Milan,7,24,6.74,229.2,32.743
Tomori,D,Milan,7,8,8.17,277.8,39.686
Buongiorno,D,Napoli,7,15,5.8,197.2,28.171
Idzes,D,Sassuolo,7,19,6.01,204.3,29.186
Coco,D,Torino,7,14,4.84,164.6,23.514
Ismajli,D,Torino,7,13,5.75,195.5,27.929
Kristensen T.,D,Atalanta,7,20,5.7,193.8,27.686
Badiashile,D,Napoli,7,21,7.14,242.8,34.686
Sutalo J.,D,Lazio,7,19,8.01,272.3,38.9
Ahanor,D,Atalanta,6,14,6.16,209.4,34.9
Bellanova,D,Atalanta,6,17,6.47,220.0,36.667
Bernasconi,D,Atalanta,6,18,4.76,161.8,26.967
Heggem,D,Bologna,6,15,6.11,207.7,34.617
Zortea,D,Bologna,6,19,5.11,173.7,28.95
Valle,D,Como,6,21,5.65,192.1,32.017
Valdepenas,D,Fiorentina,6,18,4.75,161.5,26.917
Viery,D,Fiorentina,6,17,4.67,158.8,26.467
Monterisi,D,Frosinone,6,13,7.65,260.1,43.35
Marcandalli,D,Genoa,6,14,4.4,149.6,24.933
Pavard,D,Inter,6,14,7.32,248.9,41.483
Tavares N.,D,Lazio,6,12,6.48,220.3,36.717
Marusic,D,Lazio,6,20,5.32,180.9,30.15
Gaspar K.,D,Lecce,6,12,7.42,252.3,42.05
Veiga D.,D,Lecce,6,12,5.83,198.2,33.033
Gallo,D,Lecce,6,13,4.16,141.4,23.567
Mangas,D,Monza,6,15,6.91,234.9,39.15
Beukema,D,Napoli,6,12,7.42,252.3,42.05
Comuzzo,D,Torino,6,13,7.0,238.0,39.667
Bella-Kotchap,D,Venezia,6,13,6.36,216.2,36.033
Obrador,D,Sassuolo,6,15,5.59,190.1,31.683
Kolasinac,D,Atalanta,5,8,5.92,201.3,40.26
Vitik,D,Bologna,5,10,6.63,225.4,45.08
Holm,D,Bologna,5,13,5.91,200.9,40.18
Kofler,D,Cagliari,5,8,6.47,220.0,44.0
Zè Pedro,D,Cagliari,5,13,6.08,206.7,41.34
Kempf,D,Como,5,13,5.9,200.6,40.12
Parisi,D,Fiorentina,5,10,6.15,209.1,41.82
Bracaglia,D,Frosinone,5,12,6.78,230.5,46.1
Oyono A.,D,Frosinone,5,10,5.52,187.7,37.54
Martin,D,Genoa,5,8,6.59,224.1,44.82
Kelly L.,D,Juventus,5,12,6.7,227.8,45.56
Pedraza,D,Lazio,5,15,6.08,206.7,41.34
Siebert,D,Lecce,5,12,6.06,206.0,41.2
Olivera,D,Napoli,5,13,6.22,211.5,42.3
Rensch,D,Roma,5,14,4.32,146.9,29.38
Pedersen,D,Torino,5,12,4.65,158.1,31.62
Moreno M.,D,Venezia,5,6,7.45,253.3,50.66
Correia T.,D,Venezia,5,12,4.64,157.8,31.56
Haps,D,Venezia,5,10,5.62,191.1,38.22
Fortini,D,Torino,5,12,5.83,198.2,39.64
Leysen F.,D,Sassuolo,5,12,7.2,244.8,48.96
Rodriguez Ju.,D,Cagliari,4,14,4.32,146.9,36.725
Zappa,D,Cagliari,4,7,6.6,224.4,56.1
Smolcic I.,D,Como,4,10,3.91,132.9,33.225
Pongracic,D,Fiorentina,4,8,6.57,223.4,55.85
Calvani,D,Frosinone,4,12,6.49,220.7,55.175
Mitaj,D,Genoa,4,10,7.22,245.5,61.375
Gatti,D,Juventus,4,10,6.41,217.9,54.475
De Winter,D,Milan,4,12,4.74,161.2,40.3
Estupinan,D,Milan,4,13,4.32,146.9,36.725
Delli Carri,D,Monza,4,11,5.77,196.2,49.05
Lucchesi,D,Monza,4,12,6.55,222.7,55.675
Birindelli,D,Monza,4,12,7.76,263.8,65.95
Troilo,D,Parma,4,14,5.74,195.2,48.8
Valenti,D,Parma,4,10,6.13,208.4,52.1
Ghilardi,D,Roma,4,10,6.68,227.1,56.775
Walukiewicz,D,Sassuolo,4,10,7.34,249.6,62.4
Doig,D,Sassuolo,4,10,5.25,178.5,44.625
Comert,D,Torino,4,12,4.99,169.7,42.425
Kabasele,D,Udinese,4,12,6.95,236.3,59.075
Bertola,D,Udinese,4,10,6.16,209.4,52.35
Zanoli,D,Udinese,4,10,6.53,222.0,55.5
Arizala,D,Udinese,4,8,7.06,240.0,60.0
Halhal,D,Venezia,4,10,5.12,174.1,43.525
Terzic,D,Frosinone,4,8,6.11,207.7,51.925
Favasuli,D,Napoli,4,11,6.91,234.9,58.725
Kossounou,D,Atalanta,3,12,6.74,229.2,76.4
Casale,D,Bologna,3,5,8.41,285.9,95.3
Helland,D,Bologna,3,12,4.65,158.1,52.7
Idrissi R.,D,Cagliari,3,3,5.95,202.3,67.433
Ranieri L.,D,Fiorentina,3,10,6.48,220.3,73.433
Joao Mario,D,Fiorentina,3,12,5.84,198.6,66.2
Akpoguma,D,Frosinone,3,6,5.28,179.5,59.833
Cittadini,D,Frosinone,3,8,5.16,175.4,58.467
Provstgaard,D,Lazio,3,14,6.7,227.8,75.933
Floriani Mussolini,D,Lazio,3,10,6.96,236.6,78.867
Kouadio,D,Monza,3,9,7.29,247.9,82.633
Carboni A.,D,Monza,3,9,5.95,202.3,67.433
Britschgi,D,Parma,3,10,6.71,228.1,76.033
Candè,D,Sassuolo,3,7,7.75,263.5,87.833
Palma,D,Udinese,3,11,5.69,193.5,64.5
Ebosse,D,Udinese,3,5,5.44,185.0,61.667
Schingtienne,D,Venezia,3,10,5.74,195.2,65.067
Sverko,D,Venezia,3,7,7.61,258.7,86.233
Hainaut,D,Venezia,3,12,7.34,249.6,83.2
Odenthal,D,Sassuolo,3,8,4.53,154.0,51.333
Alhassane,D,Bologna,2,6,7.14,242.8,121.4
Van Der Brempt,D,Como,2,5,6.23,211.8,105.9
Otoa,D,Genoa,2,5,7.34,249.6,124.8
Puczka,D,Genoa,2,3,8.0,272.0,136.0
Sabelli,D,Genoa,2,5,5.26,178.8,89.4
Lazzari,D,Lazio,2,5,6.26,212.8,106.4
Pellegrini Lu.,D,Lazio,2,7,9.03,307.0,153.5
Jean,D,Lecce,2,4,5.28,179.5,89.75
Ndaba,D,Lecce,2,5,8.27,281.2,140.6
Diawara S.,D,Milan,2,4,4.89,166.3,83.15
Bakoune,D,Monza,2,4,6.87,233.6,116.8
Marin R.,D,Napoli,2,8,7.06,240.0,120.0
Ndiaye,D,Parma,2,8,4.78,162.5,81.25
Biraghi,D,Torino,2,5,4.91,166.9,83.45
Abankwah,D,Udinese,2,10,4.91,166.9,83.45
Franjic,D,Venezia,2,7,6.36,216.2,108.1
Sagrado,D,Venezia,2,4,4.64,157.8,78.9
Aurelio,D,Cagliari,2,5,6.16,209.4,104.7
Cinquegrano,D,Sassuolo,2,4,8.48,288.3,144.15
Terracciano F.,D,Milan,2,4,7.31,248.5,124.25
De Silvestri,D,Bologna,1,4,7.36,250.2,250.2
Goldaniga,D,Como,1,1,5.84,198.6,198.6
Amey,D,Frosinone,1,1,7.34,249.6,249.6
Oyono J.,D,Frosinone,1,2,7.97,271.0,271.0
Corrado,D,Frosinone,1,1,5.76,195.8,195.8
Matturro,D,Genoa,1,2,5.98,203.3,203.3
Rugani,D,Juventus,1,3,7.54,256.4,256.4
Cabal,D,Juventus,1,4,6.55,222.7,222.7
Patric,D,Lazio,1,1,7.83,266.2,266.2
Antov,D,Monza,1,2,6.43,218.6,218.6
Marianucci,D,Napoli,1,3,8.4,285.6,285.6
Mazzocchi,D,Napoli,1,3,6.27,213.2,213.2
Carboni F.,D,Parma,1,3,6.45,219.3,219.3
Ziolkowski,D,Roma,1,2,8.74,297.2,297.2
Missori,D,Sassuolo,1,2,5.51,187.3,187.3
Pieragnolo,D,Sassuolo,1,1,4.42,150.3,150.3
Mlacic,D,Udinese,1,3,5.02,170.7,170.7
Gomes,D,Venezia,1,1,5.26,178.8,178.8
Omar Fayed,D,Frosinone,1,1,4.73,160.8,160.8
Paz N.,C,Como,29,247,5.1,173.4,5.979
Calhanoglu,C,Inter,28,236,4.01,136.3,4.868
McTominay,C,Napoli,28,228,3.86,131.2,4.686
Orsolini,C,Bologna,25,192,5.97,203.0,8.12
Pulisic,C,Milan,24,160,6.15,209.1,8.713
Rabiot,C,Milan,23,145,3.85,130.9,5.691
Baturina,C,Como,19,97,5.14,174.8,9.2
Mora,C,Roma,19,95,4.05,137.7,7.247
Da Cunha,C,Como,18,87,5.29,179.9,9.994
Zaniolo,C,Udinese,18,85,4.21,143.1,7.95
Barella,C,Inter,17,80,5.54,188.4,11.082
McKennie,C,Juventus,17,70,3.77,128.2,7.541
Atta,C,Fiorentina,16,86,5.38,182.9,11.431
Zaccagni,C,Lazio,16,88,3.53,120.0,7.5
De Bruyne,C,Napoli,16,107,4.75,161.5,10.094
Gudmundsson A.,C,Fiorentina,13,40,4.6,156.4,12.031
Taylor K.,C,Lazio,13,57,5.56,189.0,14.538
Vlasic,C,Torino,13,75,3.58,121.7,9.362
Ederson D.S.,C,Atalanta,12,49,4.55,154.7,12.892
Samardzic,C,Atalanta,12,41,4.86,165.2,13.767
Rodriguez Je.,C,Como,12,31,4.57,155.4,12.95
Alajbegovic,C,Juventus,12,50,4.47,152.0,12.667
Conceicao,C,Juventus,12,67,5.5,187.0,15.583
Modric,C,Milan,12,46,3.91,132.9,11.075
Mastantuono,C,Fiorentina,12,54,4.46,151.6,12.633
Moreira,C,Milan,12,50,4.95,168.3,14.025
Jones C.,C,Inter,12,48,3.5,119.0,9.917
Rowe,C,Bologna,11,44,5.17,175.8,15.982
Baldanzi,C,Genoa,11,30,4.72,160.5,14.591
Zielinski,C,Inter,11,45,4.92,167.3,15.209
Zambo Anguissa,C,Napoli,11,47,5.79,196.9,17.9
Ekkelenkamp,C,Udinese,11,45,3.88,131.9,11.991
Perrone,C,Como,10,37,5.39,183.3,18.33
Thuram K.,C,Juventus,10,35,5.27,179.2,17.92
Saelemaekers,C,Milan,10,35,4.89,166.3,16.63
Politano,C,Napoli,10,40,5.36,182.2,18.22
Vergara,C,Napoli,10,40,4.05,137.7,13.77
Konè M.,C,Roma,10,42,4.68,159.1,15.91
Thorstvedt,C,Sassuolo,10,40,3.39,115.3,11.53
Casadei,C,Torino,10,32,4.17,141.8,14.18
Pellegrini Lo.,C,Roma,10,25,4.66,158.4,15.84
Pasalic,C,Atalanta,9,24,4.7,159.8,17.756
Bernardeschi,C,Bologna,9,30,4.51,153.3,17.033
Mandragora,C,Fiorentina,9,23,3.56,121.0,13.444
Diouf,C,Inter,9,44,4.51,153.3,17.033
Frattesi,C,Lazio,9,68,4.87,165.6,18.4
Cancellieri,C,Lazio,9,28,3.58,121.7,13.522
Isaksen,C,Lazio,9,22,5.04,171.4,19.044
Konè I.,C,Sassuolo,9,20,4.44,151.0,16.778
Gaetano,C,Atalanta,8,30,5.46,185.6,23.2
Odgaard,C,Bologna,8,17,5.26,178.8,22.35
Cambiaghi,C,Bologna,8,21,4.31,146.5,18.312
Fagioli,C,Fiorentina,8,22,5.14,174.8,21.85
Ndour,C,Fiorentina,8,25,3.54,120.4,15.05
Sucic P.,C,Inter,8,21,4.6,156.4,19.55
Locatelli,C,Juventus,8,33,4.11,139.7,17.462
Colpani,C,Monza,8,25,4.48,152.3,19.038
Lobotka,C,Napoli,8,22,5.33,181.2,22.65
Cristante,C,Roma,8,29,3.82,129.9,16.238
Volpato,C,Sassuolo,8,23,3.74,127.2,15.9
Schmid,C,Frosinone,8,28,5.19,176.5,22.062
Ferguson,C,Bologna,7,23,4.83,164.2,23.457
Adopo,C,Cagliari,7,13,3.66,124.4,17.771
Romano,C,Cagliari,7,20,3.89,132.3,18.9
Fazzini,C,Cagliari,7,24,4.32,146.9,20.986
Calò,C,Frosinone,7,25,5.31,180.5,25.786
Frendrup,C,Genoa,7,20,4.46,151.6,21.657
Rovella,C,Lazio,7,16,4.37,148.6,21.229
Coulibaly L.,C,Lecce,7,17,4.47,152.0,21.714
Chukwueze,C,Milan,7,22,5.37,182.6,26.086
Pessina,C,Monza,7,15,3.68,125.1,17.871
Bernabè,C,Parma,7,35,4.55,154.7,22.1
Pisilli,C,Roma,7,17,4.21,143.1,20.443
Oristanio,C,Torino,7,12,4.79,162.9,23.271
Karlstrom,C,Udinese,7,20,3.91,132.9,18.986
Unai Gomez,C,Udinese,7,17,5.42,184.3,26.329
Sow,C,Genoa,7,15,4.09,139.1,19.871
Elmas,C,Atalanta,7,28,4.82,163.9,23.414
Zalewski,C,Atalanta,6,20,5.26,178.8,29.8
Pobega,C,Bologna,6,13,5.1,173.4,28.9
Winks,C,Cagliari,6,15,4.32,146.9,24.483
Milla,C,Como,6,20,3.78,128.5,21.417
Caqueret,C,Como,6,17,3.67,124.8,20.8
Liberali,C,Como,6,21,5.08,172.7,28.783
Oulai,C,Fiorentina,6,20,4.15,141.1,23.517
Ellertsson,C,Genoa,6,18,3.7,125.8,20.967
Zhegrova,C,Juventus,6,20,3.74,127.2,21.2
Pierotti,C,Lecce,6,19,3.85,130.9,21.817
Akinsanmiro,C,Monza,6,16,4.35,147.9,24.65
Nicolussi Caviglia,C,Parma,6,16,4.41,149.9,24.983
Matic,C,Sassuolo,6,15,5.69,193.5,32.25
Gineitis,C,Torino,6,12,4.52,153.7,25.617
Basic,C,Venezia,6,19,3.69,125.5,20.917
Tourè I.,C,Monza,6,15,4.57,155.4,25.9
Amondarain,C,Bologna,5,12,3.91,132.9,26.58
Felici,C,Cagliari,5,8,3.65,124.1,24.82
Addai,C,Como,5,10,4.34,147.6,29.52
Zerbin,C,Frosinone,5,12,4.44,151.0,30.2
Amorim,C,Genoa,5,11,3.31,112.5,22.5
Meichtry,C,Genoa,5,11,5.24,178.2,35.64
Traorè Hj.,C,Genoa,5,11,4.87,165.6,33.12
Mkhitaryan,C,Inter,5,10,3.24,110.2,22.04
Koopmeiners,C,Juventus,5,13,4.52,153.7,30.74
Dele-Bashiru,C,Lazio,5,13,3.99,135.7,27.14
Berisha M.,C,Lecce,5,12,5.12,174.1,34.82
Gandelman,C,Lecce,5,10,4.68,159.1,31.82
Fofana Y.,C,Milan,5,10,3.55,120.7,24.14
Jashari,C,Milan,5,13,4.26,144.8,28.96
Keita M.,C,Parma,5,15,3.46,117.6,23.52
Adzic,C,Sassuolo,5,16,4.61,156.7,31.34
Bakola,C,Sassuolo,5,14,5.6,190.4,38.08
Cacciamani,C,Torino,5,20,4.08,138.7,27.74
Njie,C,Torino,5,14,5.08,172.7,34.54
Piotrowski,C,Udinese,5,15,5.19,176.5,35.3
Busio,C,Venezia,5,14,4.89,166.3,33.26
Sohm,C,Venezia,5,11,5.15,175.1,35.02
Perez K.,C,Venezia,5,15,3.75,127.5,25.5
Grillitsch,C,Frosinone,5,10,5.54,188.4,37.68
Cissè A.,C,Milan,5,25,3.77,128.2,25.64
De Roon,C,Atalanta,4,8,4.04,137.4,34.35
Moro N.,C,Bologna,4,14,4.99,169.7,42.425
Dominguez B.,C,Sassuolo,4,12,4.52,153.7,38.425
Deiola,C,Cagliari,4,8,5.17,175.8,43.95
Prati,C,Cagliari,4,7,5.25,178.5,44.625
Fabbian,C,Fiorentina,4,8,4.84,164.6,41.15
Cichella,C,Frosinone,4,12,4.89,166.3,41.575
Koutsoupias,C,Frosinone,4,11,4.09,139.1,34.775
Fini ,C,Frosinone,4,13,5.63,191.4,47.85
Messias,C,Genoa,4,8,5.1,173.4,43.35
Luis Henrique,C,Inter,4,12,4.76,161.8,40.45
Douglas Luiz,C,Juventus,4,15,5.18,176.1,44.025
Cataldi,C,Lazio,4,12,4.69,159.5,39.875
Ngom,C,Lecce,4,13,5.13,174.4,43.6
Ricci S.,C,Milan,4,10,4.83,164.2,41.05
Loftus-Cheek,C,Milan,4,18,4.44,151.0,37.75
Folorunsho,C,Napoli,4,5,3.86,131.2,32.8
Almqvist,C,Parma,4,11,5.45,185.3,46.325
Diallo O.,C,Parma,4,12,4.35,147.9,36.975
El Aynaoui,C,Roma,4,18,4.98,169.3,42.325
Fitz-Jim,C,Torino,4,18,3.48,118.3,29.575
Ilkhan,C,Torino,4,10,4.98,169.3,42.325
Miller L.,C,Udinese,4,12,4.55,154.7,38.675
Sulemana I.,C,Atalanta,3,7,5.07,172.4,57.467
Brescianini,C,Fiorentina,3,12,5.11,173.7,57.9
Gelli F.,C,Frosinone,3,8,4.01,136.3,45.433
Hasa,C,Frosinone,3,5,5.17,175.8,58.6
Masini,C,Frosinone,3,8,4.84,164.6,54.867
Stankovic A.,C,Inter,3,7,5.34,181.6,60.533
Miretti,C,Juventus,3,7,5.61,190.7,63.567
Gorter,C,Lecce,3,12,3.57,121.4,40.467
Maleh,C,Lecce,3,7,4.89,166.3,55.433
Musah,C,Milan,3,15,5.28,179.5,59.833
Colombo L.,C,Monza,3,7,3.53,120.0,40.0
Gilmour,C,Napoli,3,10,3.65,124.1,41.367
Ordonez C.,C,Parma,3,5,5.04,171.4,57.133
Sorensen O.,C,Parma,3,12,5.27,179.2,59.733
Aboukhlal,C,Torino,3,5,4.55,154.7,51.567
Helgason,C,Venezia,3,3,4.79,162.9,54.3
El Azzouzi O.,C,Bologna,2,10,5.55,188.7,94.35
Fadera,C,Cagliari,2,12,3.99,135.7,67.85
Venturino,C,Genoa,2,4,4.34,147.6,73.8
Ciurria,C,Monza,2,6,4.92,167.3,83.65
Boloca,C,Sassuolo,2,5,3.6,122.4,61.2
Lipani,C,Sassuolo,2,5,4.35,147.9,73.95
Chakvetadze,C,Udinese,2,6,3.92,133.3,66.65
Duncan,C,Venezia,2,4,5.29,179.9,89.95
Forson O.,C,Monza,2,1,3.94,134.0,67.0
Liteta,C,Cagliari,1,1,4.47,152.0,152.0
Lahdo,C,Como,1,1,4.42,150.3,150.3
El Azzouzi A.,C,Frosinone,1,1,3.42,116.3,116.3
Kone B.,C,Frosinone,1,3,4.37,148.6,148.6
Belahyane,C,Lazio,1,3,5.35,181.9,181.9
Przyborek,C,Lazio,1,5,4.24,144.2,144.2
Kaba,C,Lecce,1,2,3.43,116.6,116.6
Fofana Sa.,C,Lecce,1,1,5.59,190.1,190.1
Cremaschi,C,Parma,1,3,4.21,143.1,143.1
Iannoni,C,Sassuolo,1,1,5.08,172.7,172.7
Ilic,C,Torino,1,8,3.34,113.6,113.6
Anjorin,C,Torino,1,4,4.29,145.9,145.9
Zarraga,C,Udinese,1,4,4.73,160.8,160.8
Dagasso,C,Venezia,1,1,3.91,132.9,132.9
Laerke,C,Lecce,1,1,4.9,166.6,166.6
Comotto,C,Milan,1,1,4.81,163.5,163.5
Malen,A,Roma,36,414,6.57,223.4,6.206
Martinez L.,A,Inter,34,367,6.75,229.5,6.75
Thuram,A,Inter,28,263,6.01,204.3,7.296
Ramos G.,A,Milan,27,228,5.4,183.6,6.8
Hojlund,A,Napoli,27,257,3.9,132.6,4.911
Kean,A,Fiorentina,25,187,4.47,152.0,6.08
Kolo Muani,A,Juventus,25,211,5.82,197.9,7.916
Yildiz,A,Juventus,22,150,3.86,131.2,5.964
Douvikas,A,Como,21,170,5.26,178.8,8.514
Krstovic,A,Atalanta,19,100,5.75,195.5,10.289
Scamacca,A,Atalanta,19,123,5.34,181.6,9.558
Davis K.,A,Udinese,19,109,4.03,137.0,7.211
Leao,A,Milan,18,75,5.79,196.9,10.939
Berardi,A,Sassuolo,18,101,5.19,176.5,9.806
De Ketelaere,A,Atalanta,17,98,5.44,185.0,10.882
Esposito F.P.,A,Inter,17,105,4.38,148.9,8.759
Dovbyk,A,Bologna,15,58,5.48,186.3,12.42
Dybala,A,Roma,15,95,4.29,145.9,9.727
Laurientè,A,Sassuolo,15,86,3.92,133.3,8.887
Simeone,A,Torino,15,80,3.81,129.5,8.633
Raspadori,A,Atalanta,14,76,5.11,173.7,12.407
Santos A.,A,Napoli,14,62,4.41,149.9,10.707
Pellegrino M.,A,Fiorentina,14,50,3.39,115.3,8.236
Castro S.,A,Roma,14,76,5.8,197.2,14.086
Esposito Se.,A,Cagliari,13,40,5.74,195.2,15.015
Nkunku,A,Milan,13,20,3.49,118.7,9.131
Pinamonti,A,Sassuolo,13,51,5.68,193.1,14.854
Kevin Carlos,A,Cagliari,13,37,3.8,129.2,9.938
Soulè,A,Roma,12,45,4.64,157.8,13.15
Adams A.,A,Venezia,12,45,5.6,190.4,15.867
Diao,A,Como,11,47,5.66,192.4,17.491
Colombo,A,Genoa,11,55,4.58,155.7,14.155
Tourè E.,A,Parma,11,43,3.88,131.9,11.991
Dia,A,Lazio,10,30,3.88,131.9,13.19
Ratkov,A,Lazio,10,26,4.63,157.4,15.74
Bowie,A,Sassuolo,10,39,5.55,188.7,18.87
Adams C.,A,Torino,10,33,4.99,169.7,16.97
Romero D.,A,Parma,10,37,3.88,131.9,13.19
Ghedjemis,A,Frosinone,9,27,5.55,188.7,20.967
David,A,Juventus,9,37,4.89,166.3,18.478
Geubbels,A,Lecce,9,23,4.05,137.7,15.3
Cutrone,A,Monza,9,33,5.01,170.3,18.922
Piccoli,A,Bologna,8,37,4.01,136.3,17.038
Vitinha O.,A,Genoa,8,16,3.66,124.4,15.55
Yeboah J.,A,Venezia,8,27,4.67,158.8,19.85
Rrahmani Al.,A,Venezia,8,18,3.81,129.5,16.188
Osmajic,A,Genoa,8,30,3.49,118.7,14.838
Raimondo,A,Frosinone,7,22,4.65,158.1,22.586
Bonny,A,Inter,7,18,4.59,156.1,22.3
Stulic,A,Lecce,7,12,3.51,119.3,17.043
Zapata D.,A,Torino,7,18,4.46,151.6,21.657
Sulemana K.,A,Atalanta,6,10,4.4,149.6,24.933
Mutandwa,A,Cagliari,6,10,4.92,167.3,27.883
Boga,A,Juventus,6,26,4.69,159.5,26.583
Noslin,A,Lazio,6,17,5.57,189.4,31.567
Gimenez,A,Milan,6,10,3.39,115.3,19.217
Neres,A,Napoli,6,17,5.62,191.1,31.85
Maldini,A,Cagliari,5,21,4.23,143.8,28.76
Camarda,A,Milan,5,20,5.0,170.0,34.0
Mota,A,Monza,5,18,4.14,140.8,28.16
Varela G.,A,Monza,5,7,4.94,168.0,33.6
Frigan,A,Parma,5,10,3.94,134.0,26.8
Adorante,A,Venezia,5,12,5.27,179.2,35.84
Milik,A,Juventus,5,13,5.46,185.6,37.12
Borrelli,A,Cagliari,4,9,4.29,145.9,36.475
Mendy P.,A,Cagliari,4,14,3.81,129.5,32.375
Morata,A,Como,4,7,4.86,165.2,41.3
Kvernadze,A,Frosinone,4,16,3.79,128.9,32.225
Havel,A,Genoa,4,9,4.43,150.6,37.65
Giovane,A,Napoli,4,10,4.0,136.0,34.0
Lang,A,Napoli,4,12,4.01,136.3,34.075
Lucca,A,Napoli,4,10,3.94,134.0,33.5
Kulenovic,A,Torino,4,9,5.36,182.2,45.55
Gueye,A,Udinese,4,7,5.59,190.1,47.525
Robinson J.,A,Monza,4,10,4.09,139.1,34.775
Kuhn,A,Como,3,5,5.03,171.0,57.0
Ekhator,A,Juventus,3,10,4.95,168.3,56.1
N'Dri,A,Lecce,3,15,5.66,192.4,64.133
Elphege,A,Parma,3,11,3.76,127.8,42.6
Lontani,A,Parma,2,10,3.51,119.3,59.65
Trepy,A,Cagliari,1,2,4.88,165.9,165.9
Azon,A,Como,1,1,5.07,172.4,172.4
Vaz,A,Roma,1,4,5.36,182.2,182.2
Bayo V.,A,Udinese,1,3,5.44,185.0,185.0
Lisman,A,Venezia,1,1,4.45,151.3,151.3
Lauberbach,A,Venezia,1,1,5.37,182.6,182.6
De Martis,A,Parma,1,1,4.52,153.7,153.7
