Nome,Ruolo,Squadra,Prezzo,FVM,Pt_giornata,Valore_stagionale,Valore_per_credito,Affidabilita,Stato_titolarita,Prossimo_avversario,Indisponibile,Motivo_indisponibilita,Fonte_dato
Mascardi,P,Torino,1,5,7.41,251.8,251.8,Bassa,Titolare,Bologna,False,,Understat (stima da xG)
Ndiaye,D,Parma,2,8,12.54,426.4,213.2,Bassa,Titolare,Genoa,False,,Understat (stima da xG)
Abankwah,D,Udinese,2,10,10.75,365.4,182.7,Media,Titolare,Cagliari,False,,Understat (stima da xG)
Happonen,P,Bologna,1,1,5.25,178.5,178.5,Bassa,Ballottaggio,Torino,False,,Understat (stima da xG)
Corvi,P,Parma,2,10,10.5,357.0,178.5,Media,Titolare,Genoa,False,,Understat (stima da xG)
Pinsoglio,P,Juventus,1,1,5.25,178.5,178.5,Bassa,Ballottaggio,Atalanta,False,,Understat (stima da xG)
Drobnic,D,Parma,2,1,10.5,357.0,178.5,Bassa,Titolare,Genoa,False,,Understat (stima da xG)
Radunovic,P,Cagliari,1,1,4.58,155.7,155.7,Bassa,Ballottaggio,Udinese,False,,Understat (stima da xG)
Belahyane,C,Lazio,2,3,9.15,311.3,155.65,Alta,Titolare,Venezia,False,,FPEDIA (fantamedia reale)
Alhassane,D,Bologna,2,6,9.04,307.3,153.65,Alta,Titolare,Torino,False,,FPEDIA (fantamedia reale)
Carboni F.,D,Parma,1,3,4.5,153.0,153.0,Alta,Ballottaggio,Genoa,False,,FPEDIA (fantamedia reale)
De Silvestri,D,Bologna,1,4,4.46,151.7,151.7,Alta,Ballottaggio,Torino,False,,FPEDIA (fantamedia reale)
Ilic,C,Lecce,1,10,3.67,124.7,124.7,Media,Ballottaggio,AC Milan,False,,Understat (stima da xG)
Helland,D,Bologna,3,12,10.86,369.3,123.1,Bassa,Titolare,Torino,False,,Understat (stima da xG)
Troilo,D,Parma,3,14,10.54,358.4,119.467,Media,Titolare,Genoa,False,,Understat (stima da xG)
Britschgi,D,Parma,3,10,10.53,358.1,119.367,Media,Titolare,Genoa,False,,Understat (stima da xG)
Tornqvist,P,Monza,1,10,3.4,115.7,115.7,Bassa,Ballottaggio,Sassuolo,False,,Understat (stima da xG)
Stolz,P,Genoa,1,1,3.3,112.3,112.3,Bassa,Riserva,Parma Calcio 1913,False,,Stima generica (nessun dato reale trovato)
Grabara,P,Juventus,1,1,3.3,112.3,112.3,Bassa,Riserva,Atalanta,False,,Stima generica (nessun dato reale trovato)
Ghidotti,P,Parma,1,1,3.3,112.3,112.3,Bassa,Riserva,Genoa,False,,Stima generica (nessun dato reale trovato)
Sommariva,P,Genoa,1,1,3.3,112.3,112.3,Bassa,Riserva,Parma Calcio 1913,False,,Stima generica (nessun dato reale trovato)
Christensen O.,P,Fiorentina,1,1,3.29,111.9,111.9,Alta,Ballottaggio,Napoli,False,,FPEDIA (fantamedia reale)
Sabelli,D,Genoa,2,5,6.58,223.7,111.85,Bassa,Ballottaggio,Parma Calcio 1913,False,,Understat (stima da xG)
Musah,C,Milan,3,15,9.79,332.9,110.967,Media,Titolare,Lecce,False,,Understat (stima da xG)
Ebosse,D,Udinese,3,5,9.75,331.7,110.567,Media,Titolare,Cagliari,False,,Understat (stima da xG)
Rugani,D,Juventus,1,3,3.19,108.5,108.5,Bassa,Riserva,Atalanta,False,,Stima generica (nessun dato reale trovato)
Cabal,D,Juventus,1,4,3.19,108.5,108.5,Bassa,Riserva,Atalanta,False,,Stima generica (nessun dato reale trovato)
Odenthal,D,Sassuolo,3,8,9.55,324.8,108.267,Alta,Titolare,Monza,False,,FPEDIA (fantamedia reale)
Piana,P,Udinese,1,1,3.13,106.6,106.6,Bassa,Riserva,Cagliari,False,,Stima generica (nessun dato reale trovato)
Mrozek,P,Udinese,1,1,3.13,106.6,106.6,Bassa,Riserva,Cagliari,False,,Stima generica (nessun dato reale trovato)
Padelli,P,Udinese,1,1,3.13,106.6,106.6,Bassa,Riserva,Cagliari,False,,Stima generica (nessun dato reale trovato)
Deiola,C,Cagliari,3,8,9.4,319.6,106.533,Media,Titolare,Udinese,False,,Understat (stima da xG)
Lezzerini,P,Fiorentina,1,1,3.04,103.3,103.3,Alta,Ballottaggio,Napoli,False,,FPEDIA (fantamedia reale)
Foe Ondoa,C,Monza,2,2,5.86,199.3,99.65,Bassa,Titolare,Sassuolo,False,,Understat (stima da xG)
Ndaba,D,Lecce,2,5,5.85,198.9,99.45,Bassa,Titolare,AC Milan,False,,Understat (stima da xG)
Sherri,P,Cagliari,1,1,2.88,97.9,97.9,Bassa,Riserva,Udinese,False,,Stima generica (nessun dato reale trovato)
Sagrado,D,Venezia,2,4,5.56,188.9,94.45,Media,Ballottaggio,Lazio,False,,Understat (stima da xG)
Przyborek,C,Lazio,1,5,2.73,92.7,92.7,Bassa,Riserva,Venezia,False,,Stima generica (nessun dato reale trovato)
Comotto,C,Milan,1,1,2.73,92.7,92.7,Bassa,Riserva,Lecce,False,,Stima generica (nessun dato reale trovato)
Mout,C,Monza,1,12,2.72,92.5,92.5,Media,Ballottaggio,Sassuolo,False,,Understat (stima da xG)
Liteta,C,Cagliari,1,1,2.64,89.8,89.8,Bassa,Riserva,Udinese,False,,Stima generica (nessun dato reale trovato)
Cinquegrano,D,Sassuolo,2,4,5.25,178.5,89.25,Alta,Titolare,Monza,False,,FPEDIA (fantamedia reale)
Trepy,A,Cagliari,1,2,2.6,88.5,88.5,Bassa,Riserva,Udinese,False,,Stima generica (nessun dato reale trovato)
Vigorito,P,Como,1,1,2.58,87.6,87.6,Bassa,Riserva,Frosinone,False,,Stima generica (nessun dato reale trovato)
Lucchesi,D,Monza,3,11,7.5,255.2,85.067,Media,Titolare,Sassuolo,False,,Understat (stima da xG)
Torriani,P,Milan,1,1,2.49,84.8,84.8,Bassa,Riserva,Lecce,False,,Stima generica (nessun dato reale trovato)
Goldaniga,D,Como,1,1,2.49,84.6,84.6,Bassa,Riserva,Frosinone,False,,Stima generica (nessun dato reale trovato)
Kouadio,D,Monza,3,14,7.14,242.9,80.967,Media,Titolare,Sassuolo,False,,Understat (stima da xG)
Kabasele,D,Udinese,4,12,9.5,323.0,80.75,Bassa,Titolare,Cagliari,False,,Understat (stima da xG)
Dembelè A.,D,Lecce,1,2,2.37,80.7,80.7,Alta,Ballottaggio,AC Milan,False,,FPEDIA (fantamedia reale)
Robinho Junior,A,Genoa,1,3,2.34,79.7,79.7,Bassa,Riserva,Parma Calcio 1913,False,,Stima generica (nessun dato reale trovato)
Siviero,P,Torino,1,1,2.33,79.2,79.2,Bassa,Riserva,Bologna,False,,Stima generica (nessun dato reale trovato)
Paleari,P,Torino,1,1,2.33,79.2,79.2,Bassa,Riserva,Bologna,False,,Stima generica (nessun dato reale trovato)
Lahdo,C,Como,1,1,2.31,78.6,78.6,Bassa,Riserva,Frosinone,False,,Stima generica (nessun dato reale trovato)
Fofana Sa.,C,Lecce,1,1,2.29,77.9,77.9,Alta,Ballottaggio,AC Milan,False,,FPEDIA (fantamedia reale)
Contini,P,Napoli,1,1,2.29,77.8,77.8,Bassa,Riserva,Fiorentina,False,,Stima generica (nessun dato reale trovato)
Franjic,D,Venezia,3,7,6.77,230.3,76.767,Bassa,Titolare,Lazio,False,,Understat (stima da xG)
Maldini,A,Cagliari,5,21,10.96,372.6,74.52,Media,Titolare,Udinese,False,,Understat (stima da xG)
Palma,D,Udinese,3,11,6.51,221.4,73.8,Bassa,Ballottaggio,Cagliari,False,,Understat (stima da xG)
Lulli,D,Roma,2,10,4.32,146.7,73.35,Media,Titolare,Inter,False,,Understat (stima da xG)
Strajnar,P,Monza,1,1,2.14,72.8,72.8,Bassa,Riserva,Sassuolo,False,,Stima generica (nessun dato reale trovato)
Sportiello,P,Atalanta,1,1,2.11,71.6,71.6,Alta,Ballottaggio,Juventus,False,,FPEDIA (fantamedia reale)
Motta,P,Lazio,1,1,2.1,71.4,71.4,Bassa,Riserva,Venezia,False,,Stima generica (nessun dato reale trovato)
Renzetti,P,Lazio,1,1,2.1,71.4,71.4,Bassa,Riserva,Venezia,False,,Stima generica (nessun dato reale trovato)
Bleve,P,Lecce,1,1,2.09,71.1,71.1,Bassa,Riserva,AC Milan,False,,Stima generica (nessun dato reale trovato)
Penev,P,Lecce,1,1,2.09,71.1,71.1,Bassa,Riserva,AC Milan,False,,Stima generica (nessun dato reale trovato)
Montipò,P,Venezia,1,1,2.08,70.6,70.6,Bassa,Riserva,Lazio,False,,Stima generica (nessun dato reale trovato)
Grandi,P,Venezia,1,1,2.08,70.6,70.6,Bassa,Riserva,Lazio,False,,Stima generica (nessun dato reale trovato)
Pozzi,P,Venezia,1,1,2.08,70.6,70.6,Bassa,Riserva,Lazio,False,,Stima generica (nessun dato reale trovato)
Antov,D,Monza,1,2,2.07,70.3,70.3,Bassa,Riserva,Sassuolo,False,,Stima generica (nessun dato reale trovato)
Lontani,A,Parma,3,11,6.14,208.9,69.633,Media,Titolare,Genoa,False,,Understat (stima da xG)
Patric,D,Lazio,1,1,2.03,68.9,68.9,Bassa,Riserva,Venezia,False,,Stima generica (nessun dato reale trovato)
Douglas Luiz,C,Juventus,4,15,8.09,275.0,68.75,Media,Titolare,Atalanta,False,,Understat (stima da xG)
Gomes,D,Venezia,1,1,2.01,68.2,68.2,Bassa,Riserva,Lazio,False,,Stima generica (nessun dato reale trovato)
Mazzocchi,D,Venezia,1,10,2.01,68.2,68.2,Bassa,Riserva,Lazio,False,,Stima generica (nessun dato reale trovato)
Rodriguez Ju.,D,Cagliari,4,14,7.97,270.8,67.7,Alta,Titolare,Udinese,False,,FPEDIA (fantamedia reale)
Ranieri L.,D,Fiorentina,3,10,5.88,199.9,66.633,Alta,Titolare,Napoli,False,,FPEDIA (fantamedia reale)
Fadera,C,Cagliari,2,12,3.86,131.4,65.7,Media,Riserva,Udinese,False,,Understat (stima da xG)
Zè Pedro,D,Cagliari,5,13,9.55,324.9,64.98,Media,Titolare,Udinese,False,,Understat (stima da xG)
Hainaut,D,Venezia,4,12,7.6,258.4,64.6,Media,Titolare,Lazio,False,,Understat (stima da xG)
Comert,D,Torino,4,12,7.45,253.4,63.35,Media,Titolare,Bologna,False,,Understat (stima da xG)
Marin R.,D,Napoli,2,8,3.73,126.7,63.35,Alta,Ballottaggio,Fiorentina,False,,FPEDIA (fantamedia reale)
Joao Mario,D,Fiorentina,3,12,5.58,189.6,63.2,Media,Titolare,Napoli,False,,Understat (stima da xG)
Bakoune,D,Monza,2,4,3.69,125.4,62.7,Media,Ballottaggio,Sassuolo,False,,Understat (stima da xG)
Estupinan,D,Milan,3,13,5.52,187.7,62.567,Media,Ballottaggio,Lecce,False,,Understat (stima da xG)
De Martis,A,Parma,1,1,1.84,62.5,62.5,Bassa,Riserva,Genoa,False,,Stima generica (nessun dato reale trovato)
Birindelli,D,Monza,4,12,7.32,248.8,62.2,Media,Titolare,Sassuolo,False,,Understat (stima da xG)
Satalino,P,Sassuolo,1,1,1.82,61.7,61.7,Bassa,Riserva,Monza,False,,Stima generica (nessun dato reale trovato)
Russo A.,P,Sassuolo,1,1,1.82,61.7,61.7,Bassa,Riserva,Monza,False,,Stima generica (nessun dato reale trovato)
Turati,P,Sassuolo,1,1,1.82,61.7,61.7,Bassa,Riserva,Monza,False,,Stima generica (nessun dato reale trovato)
Bayo V.,A,Udinese,1,3,1.81,61.6,61.6,Bassa,Riserva,Cagliari,False,,Stima generica (nessun dato reale trovato)
Heggem,D,Bologna,6,15,10.62,361.0,60.167,Media,Titolare,Torino,False,,Understat (stima da xG)
Marcandalli,D,Genoa,6,14,10.54,358.4,59.733,Media,Titolare,Parma Calcio 1913,False,,Understat (stima da xG)
Pieragnolo,D,Sassuolo,1,1,1.75,59.7,59.7,Bassa,Riserva,Monza,False,,Stima generica (nessun dato reale trovato)
Masini,C,Frosinone,3,8,5.11,173.9,57.967,Media,Titolare,Como,False,,Understat (stima da xG)
Thiam,P,Monza,4,5,6.82,231.7,57.925,Media,Titolare,Sassuolo,False,,Understat (stima da xG)
Mendy P.,A,Cagliari,4,12,6.78,230.5,57.625,Alta,Ballottaggio,Udinese,False,,FPEDIA (fantamedia reale)
Puczka,D,Genoa,2,3,3.37,114.5,57.25,Bassa,Riserva,Parma Calcio 1913,False,,Stima generica (nessun dato reale trovato)
Otoa,D,Genoa,2,5,3.36,114.2,57.1,Bassa,Riserva,Parma Calcio 1913,False,,Understat (stima da xG)
Siebert,D,Lecce,4,12,6.65,226.1,56.525,Media,Titolare,AC Milan,False,,Understat (stima da xG)
Loftus-Cheek,C,Milan,4,16,6.63,225.5,56.375,Alta,Ballottaggio,Lecce,False,,FPEDIA (fantamedia reale)
Kossounou,D,Atalanta,4,12,6.58,223.8,55.95,Media,Titolare,Juventus,False,,Understat (stima da xG)
Lolic,P,Frosinone,1,1,1.63,55.4,55.4,Bassa,Riserva,Como,False,,Stima generica (nessun dato reale trovato)
Pisseri,P,Frosinone,1,1,1.63,55.4,55.4,Bassa,Riserva,Como,False,,Stima generica (nessun dato reale trovato)
Robinson J.,A,Monza,4,5,6.43,218.5,54.625,Alta,Ballottaggio,Sassuolo,False,,FPEDIA (fantamedia reale)
Holm,D,Bologna,6,13,9.61,326.8,54.467,Media,Titolare,Torino,False,,Understat (stima da xG)
Schingtienne,D,Venezia,3,10,4.74,161.1,53.7,Alta,Titolare,Lazio,False,,FPEDIA (fantamedia reale)
Omar Fayed,D,Frosinone,1,1,1.57,53.5,53.5,Bassa,Riserva,Como,False,,Stima generica (nessun dato reale trovato)
Folorunsho,C,Monza,4,17,6.2,210.9,52.725,Media,Titolare,Sassuolo,False,,Understat (stima da xG)
Jovanovic,C,Udinese,2,5,3.03,103.1,51.55,Bassa,Ballottaggio,Cagliari,False,,Understat (stima da xG)
Laerke,C,Lecce,1,1,1.51,51.5,51.5,Bassa,Riserva,AC Milan,False,,Stima generica (nessun dato reale trovato)
Lisman,A,Venezia,1,1,1.51,51.3,51.3,Bassa,Riserva,Lazio,False,,Stima generica (nessun dato reale trovato)
Kone B.,C,Frosinone,1,3,1.49,50.8,50.8,Bassa,Riserva,Como,False,,Stima generica (nessun dato reale trovato)
Winks,C,Cagliari,6,15,8.82,299.8,49.967,Media,Titolare,Udinese,False,,Understat (stima da xG)
Gilmour,C,Napoli,3,10,4.37,148.5,49.5,Bassa,Ballottaggio,Fiorentina,False,,Understat (stima da xG)
Valenti,D,Parma,4,10,5.74,195.2,48.8,Bassa,Ballottaggio,Genoa,False,,Understat (stima da xG)
Lucumì,D,Juventus,7,17,10.04,341.4,48.771,Media,Titolare,Atalanta,False,,Understat (stima da xG)
Valle,D,Como,6,21,8.5,288.9,48.15,Media,Titolare,Frosinone,False,,Understat (stima da xG)
De Winter,D,Milan,5,20,7.08,240.6,48.12,Alta,Titolare,Lecce,False,,FPEDIA (fantamedia reale)
Forson O.,C,Monza,2,1,2.82,95.7,47.85,Alta,Ballottaggio,Sassuolo,False,,FPEDIA (fantamedia reale)
Provstgaard,D,Lazio,4,13,5.59,189.9,47.475,Alta,Titolare,Venezia,False,,FPEDIA (fantamedia reale)
Valeri,D,Parma,8,22,11.15,379.1,47.388,Media,Titolare,Genoa,False,,Understat (stima da xG)
Pellegrini Lu.,D,Lazio,2,7,2.77,94.2,47.1,Alta,Ballottaggio,Venezia,False,,FPEDIA (fantamedia reale)
Njie,C,Fiorentina,4,28,5.45,185.5,46.375,Media,Titolare,Napoli,False,,Understat (stima da xG)
Fazzini,C,Cagliari,6,23,8.14,276.7,46.117,Media,Titolare,Udinese,False,,Understat (stima da xG)
Anjorin,C,Torino,1,4,1.35,45.8,45.8,Bassa,Riserva,Bologna,False,,Stima generica (nessun dato reale trovato)
Celik,D,Juventus,8,16,10.76,365.7,45.712,Media,Titolare,Atalanta,False,,Understat (stima da xG)
Obert,D,Cagliari,7,15,9.38,318.8,45.543,Media,Titolare,Udinese,False,,Understat (stima da xG)
Ellertsson,C,Genoa,6,16,7.99,271.7,45.283,Media,Titolare,Parma Calcio 1913,False,,Understat (stima da xG)
Theate,D,Bologna,8,20,10.64,361.7,45.212,Bassa,Titolare,Torino,False,,Understat (stima da xG)
Delprato,D,Parma,8,21,10.63,361.6,45.2,Media,Titolare,Genoa,False,,Understat (stima da xG)
Gollini,P,Roma,1,1,1.32,44.9,44.9,Bassa,Riserva,Inter,False,,Stima generica (nessun dato reale trovato)
Di Gennaro,P,Inter,1,1,1.32,44.9,44.9,Bassa,Riserva,Roma,False,,Stima generica (nessun dato reale trovato)
De Marzi,P,Roma,1,1,1.32,44.9,44.9,Bassa,Riserva,Inter,False,,Stima generica (nessun dato reale trovato)
Bijlow,P,Genoa,8,15,10.5,357.0,44.625,Media,Titolare,Parma Calcio 1913,False,,Understat (stima da xG)
Adopo,C,Cagliari,7,13,9.14,310.9,44.414,Media,Titolare,Udinese,False,,Understat (stima da xG)
Pessina Mas.,P,Bologna,1,1,1.3,44.4,44.4,Alta,Riserva,Torino,False,,FPEDIA (fantamedia reale)
Romano,C,Cagliari,7,21,9.03,306.9,43.843,Media,Titolare,Udinese,False,,Understat (stima da xG)
Haps,D,Venezia,5,10,6.4,217.7,43.54,Media,Titolare,Lazio,False,,Understat (stima da xG)
Gorter,C,Lecce,3,12,3.84,130.6,43.533,Bassa,Ballottaggio,AC Milan,False,,Understat (stima da xG)
Mangas,D,Monza,7,15,8.93,303.6,43.371,Media,Titolare,Sassuolo,False,,Understat (stima da xG)
Diawara S.,D,Milan,2,4,2.54,86.5,43.25,Bassa,Riserva,Lecce,False,,Stima generica (nessun dato reale trovato)
Venturino,C,Genoa,2,4,2.52,85.7,42.85,Bassa,Riserva,Parma Calcio 1913,False,,Stima generica (nessun dato reale trovato)
Chukwueze,C,Milan,8,22,10.04,341.5,42.688,Media,Titolare,Lecce,False,,Understat (stima da xG)
Kempf,D,Como,5,13,6.17,209.9,41.98,Bassa,Ballottaggio,Frosinone,False,,Understat (stima da xG)
Diego Carlos,D,Parma,8,26,9.84,334.5,41.812,Bassa,Titolare,Genoa,False,,Understat (stima da xG)
Van Der Brempt,D,Sassuolo,2,11,2.46,83.6,41.8,Alta,Ballottaggio,Monza,False,,FPEDIA (fantamedia reale)
Milinkovic-Savic V.,P,Napoli,5,5,6.11,207.7,41.54,Alta,Titolare,Fiorentina,False,,FPEDIA (fantamedia reale)
Valdepenas,D,Fiorentina,5,16,6.08,206.6,41.32,Media,Titolare,Napoli,False,,Understat (stima da xG)
Dagasso,C,Venezia,1,1,1.21,41.2,41.2,Bassa,Riserva,Lazio,False,,Understat (stima da xG)
Miranda J.,D,Bologna,8,23,9.54,324.5,40.562,Alta,Titolare,Torino,False,,FPEDIA (fantamedia reale)
Biraghi,D,Torino,2,5,2.38,80.8,40.4,Bassa,Riserva,Bologna,False,,Stima generica (nessun dato reale trovato)
Lipani,C,Sassuolo,2,5,2.38,80.8,40.4,Media,Ballottaggio,Monza,False,,Understat (stima da xG)
Doig,D,Sassuolo,5,10,5.92,201.4,40.28,Media,Titolare,Monza,False,,Understat (stima da xG)
Vasquez,D,Genoa,9,30,10.64,361.9,40.211,Media,Titolare,Parma Calcio 1913,False,,Understat (stima da xG)
Casale,D,Bologna,3,5,3.55,120.6,40.2,Bassa,Riserva,Torino,False,,Stima generica (nessun dato reale trovato)
Drameh,D,Genoa,3,10,3.55,120.6,40.2,Bassa,Riserva,Parma Calcio 1913,False,,Stima generica (nessun dato reale trovato)
Favasuli,D,Napoli,4,11,4.66,158.4,39.6,Bassa,Ballottaggio,Fiorentina,False,,Understat (stima da xG)
Frattesi,C,Lazio,10,75,11.6,394.3,39.43,Media,Titolare,Venezia,False,,Understat (stima da xG)
Kaiki,D,Como,6,13,6.89,234.2,39.033,Bassa,Ballottaggio,Frosinone,False,,Understat (stima da xG)
Gueye,A,Udinese,4,7,4.58,155.6,38.9,Media,Ballottaggio,Cagliari,False,,Understat (stima da xG)
Frendrup,C,Genoa,7,19,7.96,270.6,38.657,Media,Titolare,Parma Calcio 1913,False,,Understat (stima da xG)
Romagnoli,D,Lazio,6,20,6.81,231.6,38.6,Media,Titolare,Venezia,False,,Understat (stima da xG)
Coulibaly L.,C,Lecce,7,17,7.93,269.7,38.529,Alta,Titolare,AC Milan,False,,FPEDIA (fantamedia reale)
Vojvoda,D,Udinese,9,19,10.12,344.0,38.222,Media,Titolare,Cagliari,False,,Understat (stima da xG)
Couto,D,Como,8,25,8.96,304.5,38.062,Media,Titolare,Frosinone,False,,Understat (stima da xG)
Gallo,D,Lecce,6,12,6.68,227.2,37.867,Media,Titolare,AC Milan,False,,Understat (stima da xG)
Okoye,P,Udinese,9,28,9.97,338.8,37.644,Media,Titolare,Cagliari,False,,Understat (stima da xG)
Rovella,C,Lazio,7,16,7.7,261.9,37.414,Bassa,Titolare,Venezia,False,,Understat (stima da xG)
Coco,D,Torino,7,14,7.67,260.8,37.257,Media,Titolare,Bologna,False,,Understat (stima da xG)
Mkhitaryan,C,Inter,4,9,4.38,148.9,37.225,Bassa,Titolare,Roma,False,,Understat (stima da xG)
Goglichidze,D,Monza,2,5,2.18,74.2,37.1,Bassa,Riserva,Sassuolo,False,,Stima generica (nessun dato reale trovato)
Viery,D,Fiorentina,6,12,6.49,220.7,36.783,Media,Titolare,Napoli,False,,Understat (stima da xG)
Helgason,C,Venezia,3,3,3.22,109.6,36.533,Bassa,Ballottaggio,Lazio,False,,Understat (stima da xG)
Busio,C,Venezia,5,14,5.36,182.3,36.46,Media,Titolare,Lazio,False,,Understat (stima da xG)
Mota,A,Monza,4,8,4.28,145.6,36.4,Bassa,Ballottaggio,Sassuolo,False,,Understat (stima da xG)
Jean,D,Lecce,2,4,2.13,72.5,36.25,Bassa,Riserva,AC Milan,False,,Stima generica (nessun dato reale trovato)
Maleh,C,Lecce,3,7,3.17,107.9,35.967,Media,Ballottaggio,AC Milan,False,,Understat (stima da xG)
Calvani,D,Frosinone,5,13,5.27,179.3,35.86,Media,Titolare,Como,False,,Understat (stima da xG)
Skorupski,P,Bologna,10,32,10.5,357.0,35.7,Media,Titolare,Torino,False,,Understat (stima da xG)
Osmajic,A,Genoa,8,28,8.29,282.0,35.25,Media,Titolare,Parma Calcio 1913,False,,Understat (stima da xG)
Palmisani,P,Frosinone,5,12,5.18,176.2,35.24,Media,Titolare,Como,False,,Understat (stima da xG)
Cittadini,D,Frosinone,4,8,4.08,138.8,34.7,Media,Titolare,Como,False,,Understat (stima da xG)
Noslin,A,Lazio,6,8,6.04,205.4,34.233,Media,Ballottaggio,Venezia,False,,Understat (stima da xG)
Lang,A,Napoli,4,14,4.03,136.9,34.225,Media,Ballottaggio,Fiorentina,False,,Understat (stima da xG)
Ramon,D,Como,10,31,9.98,339.4,33.94,Media,Titolare,Frosinone,False,,Understat (stima da xG)
Ngom,C,Lecce,4,12,3.95,134.1,33.525,Media,Titolare,AC Milan,False,,Understat (stima da xG)
Locatelli,C,Juventus,9,33,8.82,300.0,33.333,Media,Titolare,Atalanta,False,,Understat (stima da xG)
Comuzzo,D,Torino,8,13,7.81,265.4,33.175,Media,Titolare,Bologna,False,,Understat (stima da xG)
Kvernadze,A,Frosinone,6,24,5.85,199.0,33.167,Media,Titolare,Como,False,,Understat (stima da xG)
Carboni A.,D,Monza,3,9,2.92,99.2,33.067,Alta,Ballottaggio,Sassuolo,False,,FPEDIA (fantamedia reale)
Fortini,D,Torino,6,12,5.73,195.0,32.5,Media,Titolare,Bologna,False,,Understat (stima da xG)
Doekhi,D,Lazio,8,16,7.64,259.8,32.475,Media,Titolare,Venezia,False,,Understat (stima da xG)
Spinazzola,D,Napoli,8,25,7.52,255.7,31.962,Media,Titolare,Fiorentina,False,,Understat (stima da xG)
Ferguson,C,Bologna,7,23,6.53,222.2,31.743,Media,Titolare,Torino,False,,Understat (stima da xG)
Mitaj,D,Genoa,4,10,3.73,126.7,31.675,Bassa,Riserva,Parma Calcio 1913,False,,Stima generica (nessun dato reale trovato)
Vitik,D,Bologna,4,10,3.73,126.7,31.675,Bassa,Riserva,Torino,False,,Stima generica (nessun dato reale trovato)
Ciurria,C,Monza,2,6,1.86,63.3,31.65,Bassa,Riserva,Sassuolo,False,,Stima generica (nessun dato reale trovato)
Lobotka,C,Napoli,8,23,7.41,251.9,31.488,Media,Titolare,Fiorentina,False,,Understat (stima da xG)
Kambwala,D,Como,3,8,2.77,94.1,31.367,Bassa,Riserva,Frosinone,False,,Stima generica (nessun dato reale trovato)
Fitz-Jim,C,Torino,5,18,4.6,156.5,31.3,Alta,Titolare,Bologna,False,,FPEDIA (fantamedia reale)
Caprile,P,Cagliari,10,25,9.16,311.4,31.14,Media,Titolare,Udinese,False,,Understat (stima da xG)
Messias,C,Genoa,4,8,3.66,124.4,31.1,Media,Riserva,Parma Calcio 1913,False,,Understat (stima da xG)
Zortea,D,Bologna,7,19,6.4,217.5,31.071,Bassa,Ballottaggio,Torino,False,,Understat (stima da xG)
Cancellieri,C,Lazio,9,25,8.21,279.0,31.0,Alta,Ballottaggio,Venezia,False,,FPEDIA (fantamedia reale)
Floriani Mussolini,D,Lazio,4,10,3.65,124.0,31.0,Alta,Ballottaggio,Venezia,False,,FPEDIA (fantamedia reale)
Sow,C,Genoa,7,15,6.35,215.8,30.829,Media,Titolare,Parma Calcio 1913,False,,Understat (stima da xG)
Milla,C,Como,6,30,5.41,184.1,30.683,Media,Ballottaggio,Frosinone,False,,Understat (stima da xG)
Karlstrom,C,Udinese,7,20,6.25,212.3,30.329,Media,Titolare,Cagliari,False,,Understat (stima da xG)
Basic,C,Venezia,6,19,5.32,181.0,30.167,Bassa,Titolare,Lazio,False,,Understat (stima da xG)
Desplanches,P,Frosinone,2,1,1.77,60.2,30.1,Bassa,Riserva,Como,False,,Stima generica (nessun dato reale trovato)
Zanoli,D,Udinese,4,10,3.54,120.3,30.075,Bassa,Riserva,Cagliari,False,,Stima generica (nessun dato reale trovato)
Colombo,A,Genoa,11,52,9.64,327.7,29.791,Media,Titolare,Parma Calcio 1913,False,,Understat (stima da xG)
Pobega,C,Bologna,6,12,5.11,173.7,28.95,Media,Titolare,Torino,False,,Understat (stima da xG)
Fini ,C,Frosinone,4,13,3.4,115.7,28.925,Media,Ballottaggio,Como,False,,Understat (stima da xG)
Frigan,A,Parma,4,6,3.4,115.5,28.875,Bassa,Ballottaggio,Genoa,False,,Understat (stima da xG)
Pierotti,C,Lecce,6,19,5.09,173.2,28.867,Media,Titolare,AC Milan,False,,Understat (stima da xG)
Gineitis,C,Torino,5,12,4.22,143.5,28.7,Media,Titolare,Bologna,False,,Understat (stima da xG)
Cataldi,C,Lazio,4,12,3.37,114.7,28.675,Bassa,Riserva,Venezia,False,,Stima generica (nessun dato reale trovato)
Ekhator,A,Juventus,3,10,2.51,85.4,28.467,Bassa,Riserva,Atalanta,False,,Stima generica (nessun dato reale trovato)
Falcone,P,Lecce,8,26,6.65,226.0,28.25,Media,Titolare,AC Milan,False,,Understat (stima da xG)
Idzes,D,Sassuolo,7,19,5.81,197.7,28.243,Media,Titolare,Monza,False,,Understat (stima da xG)
Piccoli,A,Bologna,8,29,6.62,225.1,28.138,Media,Titolare,Torino,False,,Understat (stima da xG)
Tavares N.,D,Lazio,7,25,5.78,196.6,28.086,Alta,Titolare,Venezia,False,,FPEDIA (fantamedia reale)
Cichella,C,Frosinone,4,12,3.3,112.3,28.075,Bassa,Ballottaggio,Como,False,,Understat (stima da xG)
Muric,P,Sassuolo,7,15,5.77,196.3,28.043,Media,Titolare,Monza,False,,Understat (stima da xG)
Perri,P,Torino,9,26,7.41,251.8,27.978,Bassa,Titolare,Bologna,False,,Understat (stima da xG)
Bartesaghi,D,Milan,8,22,6.5,221.1,27.638,Bassa,Titolare,Lecce,False,,Understat (stima da xG)
Ostigard,D,Genoa,11,41,8.94,303.9,27.627,Alta,Titolare,Parma Calcio 1913,False,,FPEDIA (fantamedia reale)
Duncan,C,Venezia,2,4,1.62,55.1,27.55,Bassa,Riserva,Lazio,False,,Stima generica (nessun dato reale trovato)
Yeboah J.,A,Venezia,9,27,7.26,246.7,27.411,Alta,Titolare,Lazio,False,,FPEDIA (fantamedia reale)
N'Dri,A,Lecce,4,12,3.22,109.5,27.375,Media,Ballottaggio,AC Milan,False,,Understat (stima da xG)
Cambiaghi,C,Bologna,8,25,6.43,218.8,27.35,Media,Titolare,Torino,False,,Understat (stima da xG)
Provedel,P,Inter,2,5,1.6,54.6,27.3,Alta,Ballottaggio,Roma,False,,FPEDIA (fantamedia reale)
Daffara,P,Parma,6,7,4.8,163.1,27.183,Bassa,Ballottaggio,Genoa,False,,Stima generica (nessun dato reale trovato)
Tiago Gabriel,D,Lecce,8,20,6.39,217.4,27.175,Media,Titolare,AC Milan,False,,Understat (stima da xG)
Akinsanmiro,C,Monza,7,11,5.57,189.2,27.029,Media,Titolare,Sassuolo,False,,Understat (stima da xG)
Jashari,C,Milan,5,13,3.97,134.9,26.98,Media,Riserva,Lecce,False,,Understat (stima da xG)
Dodò,D,Fiorentina,9,20,7.13,242.4,26.933,Bassa,Titolare,Napoli,False,,Understat (stima da xG)
Bracaglia,D,Frosinone,7,15,5.53,188.1,26.871,Media,Titolare,Como,False,,Understat (stima da xG)
Matic,C,Sassuolo,6,15,4.73,160.8,26.8,Media,Titolare,Monza,False,,Understat (stima da xG)
Kelly L.,D,Juventus,5,12,3.91,132.9,26.58,Bassa,Riserva,Atalanta,False,,Stima generica (nessun dato reale trovato)
Massolin,C,Cagliari,4,12,3.12,106.1,26.525,Bassa,Riserva,Udinese,False,,Stima generica (nessun dato reale trovato)
Rodriguez Je.,C,Como,11,31,8.52,289.8,26.345,Alta,Ballottaggio,Frosinone,False,,FPEDIA (fantamedia reale)
Solet,D,Udinese,13,46,10.05,341.7,26.285,Media,Titolare,Cagliari,False,,Understat (stima da xG)
Mastantuono,C,Fiorentina,11,50,8.45,287.3,26.118,Alta,Titolare,Napoli,False,,FPEDIA (fantamedia reale)
Elphege,A,Parma,3,11,2.29,77.8,25.933,Media,Riserva,Genoa,False,,Understat (stima da xG)
Dragusin,D,Fiorentina,7,20,5.31,180.6,25.8,Alta,Titolare,Napoli,False,,FPEDIA (fantamedia reale)
Vitinha O.,A,Genoa,8,13,6.06,206.0,25.75,Media,Ballottaggio,Parma Calcio 1913,False,,Understat (stima da xG)
Ismajli,D,Torino,7,13,5.3,180.2,25.743,Media,Ballottaggio,Bologna,False,,Understat (stima da xG)
Kalulu,D,Juventus,14,47,10.56,359.2,25.657,Media,Titolare,Atalanta,False,,Understat (stima da xG)
Chalobah T.,D,Como,10,32,7.5,255.1,25.51,Alta,Titolare,Frosinone,False,,FPEDIA (fantamedia reale)
Raimondo,A,Frosinone,9,27,6.73,228.7,25.411,Media,Titolare,Como,False,,Understat (stima da xG)
Halhal,D,Venezia,3,10,2.23,75.8,25.267,Bassa,Riserva,Lazio,False,,Stima generica (nessun dato reale trovato)
Sverko,D,Venezia,3,7,2.23,75.8,25.267,Bassa,Riserva,Lazio,False,,Stima generica (nessun dato reale trovato)
Politano,C,Napoli,9,37,6.69,227.4,25.267,Media,Titolare,Fiorentina,False,,Understat (stima da xG)
Nzola,A,Cagliari,4,10,2.97,100.9,25.225,Bassa,Riserva,Udinese,False,,Stima generica (nessun dato reale trovato)
Bakola,C,Sassuolo,6,14,4.43,150.5,25.083,Media,Titolare,Monza,False,,Understat (stima da xG)
Ndour,C,Fiorentina,7,22,5.16,175.4,25.057,Media,Titolare,Napoli,False,,Understat (stima da xG)
Stulic,A,Lecce,6,11,4.41,149.8,24.967,Media,Ballottaggio,AC Milan,False,,Understat (stima da xG)
Bellanova,D,Atalanta,6,17,4.4,149.6,24.933,Alta,Titolare,Juventus,False,,FPEDIA (fantamedia reale)
Zaccagni,C,Lazio,16,87,11.72,398.4,24.9,Media,Titolare,Venezia,False,,Understat (stima da xG)
Hasa,C,Frosinone,2,5,1.46,49.7,24.85,Bassa,Riserva,Como,False,,Understat (stima da xG)
Kolasinac,D,Atalanta,6,8,4.38,148.8,24.8,Alta,Titolare,Juventus,False,,FPEDIA (fantamedia reale)
Zappacosta,D,Atalanta,8,19,5.79,197.0,24.625,Media,Titolare,Juventus,False,,Understat (stima da xG)
Boloca,C,Sassuolo,2,5,1.44,49.1,24.55,Bassa,Riserva,Monza,False,,Stima generica (nessun dato reale trovato)
Baldanzi,C,Genoa,11,28,7.78,264.7,24.064,Media,Titolare,Parma Calcio 1913,False,,Understat (stima da xG)
Colpani,C,Monza,9,15,6.35,216.1,24.011,Media,Titolare,Sassuolo,False,,Understat (stima da xG)
Perrone,C,Como,10,34,7.03,239.0,23.9,Media,Titolare,Frosinone,False,,Understat (stima da xG)
Traorè Hj.,C,Genoa,4,11,2.81,95.5,23.875,Bassa,Riserva,Parma Calcio 1913,False,,Stima generica (nessun dato reale trovato)
Amorim,C,Genoa,4,11,2.81,95.4,23.85,Media,Riserva,Parma Calcio 1913,False,,Understat (stima da xG)
Bernabè,C,Parma,7,34,4.9,166.7,23.814,Media,Titolare,Genoa,False,,Understat (stima da xG)
Bremer,D,Juventus,16,60,11.18,380.2,23.762,Media,Titolare,Atalanta,False,,Understat (stima da xG)
Brescianini,C,Fiorentina,3,11,2.09,71.2,23.733,Alta,Ballottaggio,Napoli,False,,FPEDIA (fantamedia reale)
Cacciamani,C,Torino,6,24,4.18,142.2,23.7,Media,Titolare,Bologna,False,,Understat (stima da xG)
Ordonez C.,C,Parma,3,10,2.09,71.0,23.667,Bassa,Riserva,Genoa,False,,Stima generica (nessun dato reale trovato)
Diallo O.,C,Parma,3,12,2.09,71.0,23.667,Bassa,Riserva,Genoa,False,,Stima generica (nessun dato reale trovato)
Sohm,C,Venezia,5,11,3.46,117.8,23.56,Media,Ballottaggio,Lazio,False,,Understat (stima da xG)
Calò,C,Frosinone,8,27,5.54,188.3,23.538,Media,Titolare,Como,False,,Understat (stima da xG)
Bernardeschi,C,Bologna,10,27,6.92,235.3,23.53,Media,Titolare,Torino,False,,Understat (stima da xG)
Bernasconi,D,Atalanta,6,18,4.14,140.7,23.45,Bassa,Ballottaggio,Juventus,False,,Understat (stima da xG)
Conceicao,C,Juventus,13,68,8.91,303.0,23.308,Media,Titolare,Atalanta,False,,Understat (stima da xG)
Ricci S.,C,Como,4,12,2.73,92.9,23.225,Bassa,Riserva,Frosinone,False,,Stima generica (nessun dato reale trovato)
Addai,C,Como,4,10,2.73,92.9,23.225,Bassa,Riserva,Frosinone,False,,Stima generica (nessun dato reale trovato)
Moreira,C,Milan,11,45,7.49,254.5,23.136,Bassa,Ballottaggio,Lecce,False,,Understat (stima da xG)
Cissè A.,C,Milan,5,24,3.39,115.3,23.06,Bassa,Riserva,Lecce,False,,Stima generica (nessun dato reale trovato)
Adzic,C,Sassuolo,6,16,4.04,137.4,22.9,Media,Ballottaggio,Monza,False,,Understat (stima da xG)
Havel,A,Genoa,4,5,2.67,90.8,22.7,Bassa,Riserva,Parma Calcio 1913,False,,Stima generica (nessun dato reale trovato)
Mandas,P,Lazio,10,36,6.67,226.9,22.69,Media,Titolare,Venezia,False,,Understat (stima da xG)
Gila,D,Milan,13,31,8.61,292.9,22.531,Media,Titolare,Lecce,False,,Understat (stima da xG)
Meret,P,Napoli,11,48,7.27,247.3,22.482,Media,Titolare,Fiorentina,False,,Understat (stima da xG)
Scalvini,D,Atalanta,10,28,6.57,223.5,22.35,Media,Titolare,Juventus,False,,Understat (stima da xG)
Colombo L.,C,Monza,3,4,1.97,66.9,22.3,Bassa,Riserva,Sassuolo,False,,Stima generica (nessun dato reale trovato)
Ghilardi,D,Roma,5,10,3.28,111.4,22.28,Bassa,Titolare,Inter,False,,Understat (stima da xG)
Milik,A,Juventus,4,10,2.62,89.1,22.275,Bassa,Riserva,Atalanta,False,,Stima generica (nessun dato reale trovato)
Fagioli,C,Fiorentina,7,20,4.57,155.2,22.171,Media,Titolare,Napoli,False,,Understat (stima da xG)
Odgaard,C,Bologna,8,17,5.21,177.2,22.15,Media,Titolare,Torino,False,,Understat (stima da xG)
De Gea,P,Fiorentina,11,30,7.17,243.6,22.145,Media,Titolare,Napoli,False,,Understat (stima da xG)
Candè,D,Sassuolo,3,7,1.95,66.3,22.1,Bassa,Riserva,Monza,False,,Stima generica (nessun dato reale trovato)
Chakvetadze,C,Udinese,2,6,1.29,44.0,22.0,Bassa,Riserva,Cagliari,False,,Understat (stima da xG)
Perez K.,C,Venezia,5,15,3.23,109.7,21.94,Alta,Ballottaggio,Lazio,False,,FPEDIA (fantamedia reale)
Lauberbach,A,Venezia,1,1,0.64,21.7,21.7,Alta,Riserva,Lazio,False,,FPEDIA (fantamedia reale)
Monteiro J.,C,Lecce,7,23,4.44,150.8,21.543,Alta,Titolare,AC Milan,False,,FPEDIA (fantamedia reale)
Parisi,D,Fiorentina,4,10,2.52,85.6,21.4,Bassa,Riserva,Napoli,False,,Stima generica (nessun dato reale trovato)
Fabbian,C,Parma,4,8,2.52,85.6,21.4,Bassa,Riserva,Genoa,False,,Understat (stima da xG)
Geubbels,A,Lecce,8,23,5.02,170.6,21.325,Bassa,Titolare,AC Milan,False,,Understat (stima da xG)
Monterisi,D,Frosinone,6,13,3.76,127.9,21.317,Media,Ballottaggio,Como,False,,Understat (stima da xG)
Modric,C,Milan,12,45,7.43,252.6,21.05,Media,Titolare,Lecce,False,,Understat (stima da xG)
Vicario,P,Juventus,17,70,10.5,357.0,21.0,Media,Titolare,Atalanta,False,,Understat (stima da xG)
Koutsoupias,C,Frosinone,4,11,2.46,83.7,20.925,Bassa,Ballottaggio,Como,False,,Understat (stima da xG)
Di Lorenzo,D,Napoli,12,39,7.3,248.3,20.692,Media,Titolare,Fiorentina,False,,Understat (stima da xG)
Ekkelenkamp,C,Udinese,12,57,7.28,247.4,20.617,Media,Titolare,Cagliari,False,,Understat (stima da xG)
Diao,A,Como,12,50,7.25,246.5,20.542,Media,Titolare,Frosinone,False,,Understat (stima da xG)
Schmid,C,Frosinone,8,25,4.8,163.3,20.412,Media,Titolare,Como,False,,Understat (stima da xG)
Pavlovic,D,Milan,14,49,8.31,282.6,20.186,Media,Titolare,Lecce,False,,Understat (stima da xG)
Patterson,D,Torino,5,12,2.96,100.7,20.14,Bassa,Ballottaggio,Bologna,False,,Understat (stima da xG)
Moreno M.,D,Venezia,4,6,2.34,79.7,19.925,Bassa,Riserva,Lazio,False,,Stima generica (nessun dato reale trovato)
Leysen F.,D,Sassuolo,6,12,3.51,119.3,19.883,Alta,Ballottaggio,Monza,False,,FPEDIA (fantamedia reale)
Akpoguma,D,Frosinone,3,6,1.75,59.5,19.833,Bassa,Riserva,Como,False,,Stima generica (nessun dato reale trovato)
Tchato,D,Frosinone,3,8,1.75,59.5,19.833,Bassa,Riserva,Como,False,,Stima generica (nessun dato reale trovato)
Vergara,C,Napoli,10,35,5.81,197.7,19.77,Media,Ballottaggio,Fiorentina,False,,Understat (stima da xG)
Maye,D,Monza,1,1,0.58,19.7,19.7,Bassa,Riserva,Sassuolo,False,,Understat (stima da xG)
Alajbegovic,C,Juventus,11,42,6.37,216.4,19.673,Alta,Titolare,Atalanta,False,,FPEDIA (fantamedia reale)
Carlos Augusto,D,Inter,6,20,3.47,117.8,19.633,Bassa,Titolare,Roma,False,,Understat (stima da xG)
Belghali,D,Torino,7,20,4.04,137.4,19.629,Bassa,Ballottaggio,Bologna,False,,Understat (stima da xG)
Gagliardini,C,Cagliari,3,8,1.73,58.7,19.567,Bassa,Riserva,Udinese,False,,Understat (stima da xG)
Pongracic,D,Fiorentina,4,8,2.3,78.1,19.525,Alta,Ballottaggio,Napoli,False,,FPEDIA (fantamedia reale)
Bowie,A,Sassuolo,9,32,5.1,173.4,19.267,Media,Titolare,Monza,False,,Understat (stima da xG)
Unai Gomez,C,Udinese,7,16,3.94,134.0,19.143,Media,Ballottaggio,Cagliari,False,,Understat (stima da xG)
Giovane,A,Napoli,4,7,2.25,76.4,19.1,Bassa,Riserva,Fiorentina,False,,Stima generica (nessun dato reale trovato)
Gelli F.,C,Frosinone,3,6,1.67,56.9,18.967,Bassa,Riserva,Como,False,,Stima generica (nessun dato reale trovato)
Pavard,D,Inter,6,14,3.34,113.7,18.95,Bassa,Titolare,Roma,False,,Understat (stima da xG)
Cristante,C,Roma,9,29,5.01,170.3,18.922,Alta,Titolare,Inter,False,,FPEDIA (fantamedia reale)
Zhegrova,C,Juventus,6,17,3.32,113.0,18.833,Alta,Riserva,Atalanta,False,,FPEDIA (fantamedia reale)
Mina,D,Cagliari,7,20,3.87,131.7,18.814,Bassa,Ballottaggio,Udinese,False,,Stima generica (nessun dato reale trovato)
Saelemaekers,C,Milan,11,35,6.04,205.3,18.664,Alta,Ballottaggio,Lecce,False,,FPEDIA (fantamedia reale)
Moro N.,C,Bologna,4,14,2.19,74.4,18.6,Bassa,Riserva,Torino,False,,Stima generica (nessun dato reale trovato)
Butez,P,Como,15,50,8.19,278.5,18.567,Media,Titolare,Frosinone,False,,Understat (stima da xG)
Miller L.,C,Udinese,4,12,2.17,73.8,18.45,Bassa,Riserva,Cagliari,False,,Stima generica (nessun dato reale trovato)
Sulemana I.,C,Sassuolo,3,7,1.62,55.0,18.333,Bassa,Riserva,Monza,False,,Understat (stima da xG)
Fernandez T.,C,Venezia,3,8,1.62,54.9,18.3,Alta,Riserva,Lazio,False,,FPEDIA (fantamedia reale)
Isaksen,C,Lazio,9,22,4.82,164.0,18.222,Media,Ballottaggio,Venezia,False,,Understat (stima da xG)
Balerdi,D,Roma,6,11,3.22,109.3,18.217,Bassa,Ballottaggio,Inter,False,,Understat (stima da xG)
Beukema,D,Napoli,6,12,3.19,108.6,18.1,Alta,Ballottaggio,Fiorentina,False,,FPEDIA (fantamedia reale)
Kofler,D,Cagliari,5,8,2.65,90.2,18.04,Media,Riserva,Udinese,False,,Understat (stima da xG)
Maignan,P,Milan,15,52,7.93,269.6,17.973,Media,Titolare,Lecce,False,,Understat (stima da xG)
Zarraga,C,Udinese,2,4,1.05,35.7,17.85,Media,Riserva,Cagliari,False,,Understat (stima da xG)
Gaetano,C,Atalanta,7,30,3.64,123.6,17.657,Media,Titolare,Juventus,False,,Understat (stima da xG)
Douvikas,A,Como,22,185,11.38,386.8,17.582,Media,Titolare,Frosinone,False,,Understat (stima da xG)
Tomori,D,Milan,6,8,3.09,105.0,17.5,Bassa,Riserva,Lecce,False,,Stima generica (nessun dato reale trovato)
Walukiewicz,D,Sassuolo,4,10,2.05,69.7,17.425,Bassa,Riserva,Monza,False,,Stima generica (nessun dato reale trovato)
Sanchez Ro.,P,Como,8,25,4.1,139.2,17.4,Bassa,Ballottaggio,Frosinone,False,,Understat (stima da xG)
Stankovic F.,P,Venezia,6,11,3.07,104.2,17.367,Alta,Titolare,Lazio,False,,FPEDIA (fantamedia reale)
Cremaschi,C,Parma,2,3,1.02,34.5,17.25,Alta,Riserva,Genoa,False,,FPEDIA (fantamedia reale)
Boga,A,Juventus,7,27,3.55,120.7,17.243,Media,Ballottaggio,Atalanta,False,,Understat (stima da xG)
Borrelli,A,Cagliari,4,9,2.03,68.9,17.225,Bassa,Riserva,Udinese,False,,Understat (stima da xG)
Bertola,D,Udinese,4,10,1.99,67.8,16.95,Media,Riserva,Cagliari,False,,Understat (stima da xG)
Ghedjemis,A,Frosinone,8,23,3.97,135.1,16.888,Alta,Ballottaggio,Como,False,,FPEDIA (fantamedia reale)
Gaspar K.,D,Lecce,5,12,2.47,84.1,16.82,Bassa,Riserva,AC Milan,False,,Stima generica (nessun dato reale trovato)
Correia T.,D,Venezia,5,12,2.46,83.6,16.72,Bassa,Riserva,Lazio,False,,Stima generica (nessun dato reale trovato)
Kamara H.,D,Udinese,9,12,4.41,150.0,16.667,Bassa,Ballottaggio,Cagliari,False,,Stima generica (nessun dato reale trovato)
Olivera,D,Napoli,5,13,2.44,83.0,16.6,Media,Riserva,Fiorentina,False,,Understat (stima da xG)
McKennie,C,Juventus,17,70,8.3,282.1,16.594,Bassa,Titolare,Atalanta,False,,Understat (stima da xG)
Kristensen T.,D,Atalanta,6,20,2.92,99.2,16.533,Alta,Ballottaggio,Juventus,False,,FPEDIA (fantamedia reale)
Cutrone,A,Monza,9,23,4.35,147.9,16.433,Media,Ballottaggio,Sassuolo,False,,Understat (stima da xG)
Luis Henrique,C,Inter,5,12,2.39,81.2,16.24,Bassa,Ballottaggio,Roma,False,,Understat (stima da xG)
Koopmeiners,C,Juventus,7,15,3.32,113.0,16.143,Alta,Riserva,Atalanta,False,,FPEDIA (fantamedia reale)
Buongiorno,D,Napoli,6,15,2.83,96.3,16.05,Bassa,Riserva,Fiorentina,False,,Stima generica (nessun dato reale trovato)
Volpato,C,Sassuolo,9,25,4.25,144.4,16.044,Media,Titolare,Monza,False,,Understat (stima da xG)
Keita M.,C,Parma,5,15,2.32,78.8,15.76,Bassa,Riserva,Genoa,False,,Stima generica (nessun dato reale trovato)
Casadei,C,Torino,9,27,4.15,141.0,15.667,Bassa,Titolare,Bologna,False,,Understat (stima da xG)
Sarr P.,C,Juventus,7,25,3.19,108.6,15.514,Bassa,Ballottaggio,Atalanta,False,,Stima generica (nessun dato reale trovato)
Amondarain,C,Bologna,5,10,2.27,77.1,15.42,Alta,Ballottaggio,Torino,False,,FPEDIA (fantamedia reale)
Diouf,C,Inter,9,43,4.06,138.1,15.344,Media,Titolare,Roma,False,,Understat (stima da xG)
Oulai,C,Fiorentina,6,18,2.71,92.0,15.333,Media,Ballottaggio,Napoli,False,,Understat (stima da xG)
Rrahmani,D,Napoli,15,51,6.73,228.7,15.247,Alta,Titolare,Fiorentina,False,,FPEDIA (fantamedia reale)
Pedraza,D,Lazio,6,14,2.6,88.4,14.733,Bassa,Riserva,Venezia,False,,Stima generica (nessun dato reale trovato)
Ciervo,C,Cagliari,1,1,0.43,14.7,14.7,Bassa,Riserva,Udinese,False,,Understat (stima da xG)
Veiga D.,D,Lecce,6,12,2.59,88.1,14.683,Bassa,Riserva,AC Milan,False,,Stima generica (nessun dato reale trovato)
Pellegrino M.,A,Fiorentina,14,40,6.03,204.9,14.636,Alta,Titolare,Napoli,False,,FPEDIA (fantamedia reale)
Adorante,A,Venezia,4,8,1.72,58.5,14.625,Bassa,Riserva,Lazio,False,,Stima generica (nessun dato reale trovato)
Felici,C,Cagliari,5,7,2.15,73.0,14.6,Bassa,Riserva,Udinese,False,,Understat (stima da xG)
Sugawara,D,Cagliari,6,15,2.56,87.2,14.533,Bassa,Riserva,Udinese,False,,Understat (stima da xG)
Da Cunha,C,Como,18,87,7.68,261.0,14.5,Media,Titolare,Frosinone,False,,Understat (stima da xG)
Juan Jesus,D,Venezia,4,10,1.67,56.9,14.225,Bassa,Riserva,Lazio,False,,Understat (stima da xG)
Pisilli,C,Roma,7,19,2.91,98.8,14.114,Media,Ballottaggio,Inter,False,,Understat (stima da xG)
Ngonge,A,Monza,5,13,2.06,69.9,13.98,Bassa,Riserva,Sassuolo,False,,Stima generica (nessun dato reale trovato)
Fatah,A,Lecce,4,14,1.64,55.8,13.95,Media,Riserva,AC Milan,False,,Understat (stima da xG)
Ilkhan,C,Torino,4,8,1.64,55.7,13.925,Bassa,Riserva,Bologna,False,,Understat (stima da xG)
Gudmundsson A.,C,Lazio,12,40,4.91,167.0,13.917,Alta,Ballottaggio,Venezia,False,,FPEDIA (fantamedia reale)
Stankovic A.,C,Inter,3,7,1.22,41.6,13.867,Bassa,Riserva,Roma,False,,Stima generica (nessun dato reale trovato)
Hermoso,D,Roma,11,26,4.48,152.2,13.836,Media,Titolare,Inter,False,,Understat (stima da xG)
Zaniolo,C,Udinese,18,80,7.27,247.0,13.722,Bassa,Titolare,Cagliari,False,,Understat (stima da xG)
Pessina,C,Monza,6,15,2.4,81.6,13.6,Bassa,Ballottaggio,Sassuolo,False,,Stima generica (nessun dato reale trovato)
Yildiz,A,Juventus,22,100,8.7,295.8,13.445,Bassa,Titolare,Atalanta,False,,Understat (stima da xG)
Dybala,A,Roma,16,100,6.3,214.3,13.394,Media,Titolare,Inter,False,,Understat (stima da xG)
Jimenez A.,D,Fiorentina,7,18,2.76,93.7,13.386,Alta,Ballottaggio,Napoli,False,,FPEDIA (fantamedia reale)
Caqueret,C,Como,6,17,2.36,80.1,13.35,Media,Riserva,Frosinone,False,,Understat (stima da xG)
Thuram K.,C,Juventus,9,25,3.49,118.7,13.189,Bassa,Ballottaggio,Atalanta,False,,Stima generica (nessun dato reale trovato)
Tourè I.,C,Monza,6,14,2.29,78.0,13.0,Bassa,Ballottaggio,Sassuolo,False,,Stima generica (nessun dato reale trovato)
Hien,D,Atalanta,7,11,2.67,90.7,12.957,Bassa,Ballottaggio,Juventus,False,,Stima generica (nessun dato reale trovato)
Zielinski,C,Inter,12,45,4.54,154.4,12.867,Alta,Titolare,Roma,False,,FPEDIA (fantamedia reale)
Romero D.,A,Parma,10,37,3.76,127.8,12.78,Alta,Ballottaggio,Genoa,False,,FPEDIA (fantamedia reale)
Aboukhlal,C,Torino,3,5,1.11,37.8,12.6,Bassa,Riserva,Bologna,False,,Understat (stima da xG)
Vlasic,C,Torino,13,73,4.81,163.4,12.569,Media,Titolare,Bologna,False,,Understat (stima da xG)
Taylor K.,C,Lazio,13,53,4.8,163.2,12.554,Bassa,Ballottaggio,Venezia,False,,Stima generica (nessun dato reale trovato)
N'Dicka,D,Roma,13,42,4.73,160.7,12.362,Bassa,Titolare,Inter,False,,Understat (stima da xG)
Laurientè,A,Sassuolo,15,83,5.32,180.8,12.053,Media,Titolare,Monza,False,,Understat (stima da xG)
Gnonto,A,Fiorentina,7,25,2.47,83.9,11.986,Bassa,Ballottaggio,Napoli,False,,Understat (stima da xG)
Neres,A,Napoli,6,20,2.09,71.0,11.833,Bassa,Riserva,Fiorentina,False,,Understat (stima da xG)
Kolo Muani,A,Juventus,25,165,8.66,294.6,11.784,Media,Titolare,Atalanta,False,,Understat (stima da xG)
Atta,C,Fiorentina,15,78,5.18,176.0,11.733,Media,Titolare,Napoli,False,,Understat (stima da xG)
Rowe,C,Atalanta,10,40,3.42,116.4,11.64,Bassa,Titolare,Juventus,False,,Understat (stima da xG)
Zeballos,A,Monza,6,18,2.05,69.7,11.617,Bassa,Riserva,Sassuolo,False,,Understat (stima da xG)
De Bruyne,C,Napoli,17,108,5.8,197.2,11.6,Alta,Ballottaggio,Fiorentina,False,,FPEDIA (fantamedia reale)
Oyono A.,D,Frosinone,6,10,2.02,68.6,11.433,Bassa,Riserva,Como,False,,Stima generica (nessun dato reale trovato)
Simeone,A,Torino,14,80,4.65,158.1,11.293,Media,Titolare,Bologna,False,,Understat (stima da xG)
Kevin Carlos,A,Cagliari,12,36,3.98,135.3,11.275,Bassa,Ballottaggio,Udinese,False,,Stima generica (nessun dato reale trovato)
Adams A.,A,Venezia,11,35,3.65,124.0,11.273,Alta,Ballottaggio,Lazio,False,,FPEDIA (fantamedia reale)
Baturina,C,Como,20,105,6.63,225.4,11.27,Media,Titolare,Frosinone,False,,Understat (stima da xG)
Gonzalez N.,C,Juventus,12,45,3.95,134.2,11.183,Bassa,Ballottaggio,Atalanta,False,,Stima generica (nessun dato reale trovato)
Pinamonti,A,Lazio,12,53,3.91,132.9,11.075,Media,Ballottaggio,Venezia,False,,Understat (stima da xG)
Lucca,A,Napoli,4,12,1.3,44.3,11.075,Media,Riserva,Fiorentina,False,,Understat (stima da xG)
Rabiot,C,Milan,23,145,7.43,252.7,10.987,Media,Ballottaggio,Lecce,False,,Understat (stima da xG)
Smolcic I.,D,Como,4,10,1.27,43.2,10.8,Alta,Riserva,Frosinone,False,,FPEDIA (fantamedia reale)
Varela G.,A,Monza,7,40,2.22,75.5,10.786,Bassa,Riserva,Sassuolo,False,,Stima generica (nessun dato reale trovato)
Meichtry,C,Genoa,5,11,1.58,53.9,10.78,Media,Riserva,Parma Calcio 1913,False,,Understat (stima da xG)
Konè M.,C,Roma,10,42,3.15,107.0,10.7,Alta,Ballottaggio,Inter,False,,FPEDIA (fantamedia reale)
Braganca,C,Torino,6,20,1.88,64.0,10.667,Bassa,Riserva,Bologna,False,,Understat (stima da xG)
Carnesecchi,P,Atalanta,17,55,5.33,181.1,10.653,Alta,Titolare,Juventus,False,,FPEDIA (fantamedia reale)
Zambo Anguissa,C,Napoli,10,41,3.12,106.1,10.61,Bassa,Ballottaggio,Fiorentina,False,,Stima generica (nessun dato reale trovato)
Bastoni,D,Inter,14,43,4.33,147.1,10.507,Media,Titolare,Roma,False,,Understat (stima da xG)
Hojlund,A,Napoli,28,260,8.6,292.6,10.45,Media,Titolare,Fiorentina,False,,Understat (stima da xG)
Ederson D.S.,C,Atalanta,12,46,3.68,125.3,10.442,Media,Titolare,Juventus,False,,Understat (stima da xG)
Dominguez B.,C,Sassuolo,4,12,1.23,41.7,10.425,Alta,Riserva,Monza,False,,FPEDIA (fantamedia reale)
Soulè,A,Roma,13,48,3.98,135.4,10.415,Media,Ballottaggio,Inter,False,,Understat (stima da xG)
Bisseck,D,Inter,12,36,3.63,123.4,10.283,Media,Titolare,Roma,False,,Understat (stima da xG)
Akanji,D,Inter,15,47,4.53,154.1,10.273,Media,Titolare,Roma,False,,Understat (stima da xG)
Oristanio,C,Torino,6,12,1.76,59.8,9.967,Bassa,Ballottaggio,Bologna,False,,Stima generica (nessun dato reale trovato)
Zalewski,C,Atalanta,7,18,2.02,68.8,9.829,Media,Ballottaggio,Juventus,False,,Understat (stima da xG)
Mancini,D,Roma,16,50,4.6,156.5,9.781,Media,Titolare,Inter,False,,Understat (stima da xG)
Bonny,A,Inter,7,15,1.97,67.1,9.586,Media,Riserva,Roma,False,,Understat (stima da xG)
Zerbin,C,Frosinone,6,12,1.69,57.3,9.55,Media,Riserva,Como,False,,Understat (stima da xG)
Pulisic,C,Milan,24,150,6.69,227.3,9.471,Bassa,Ballottaggio,Lecce,False,,Understat (stima da xG)
Pasalic,C,Atalanta,8,22,2.14,72.7,9.088,Media,Ballottaggio,Juventus,False,,Understat (stima da xG)
Marusic,D,Lazio,6,20,1.6,54.5,9.083,Bassa,Riserva,Venezia,False,,Understat (stima da xG)
Tourè E.,A,Parma,10,37,2.63,89.3,8.93,Bassa,Ballottaggio,Genoa,False,,Stima generica (nessun dato reale trovato)
Wesley,D,Roma,18,87,4.58,155.7,8.65,Media,Titolare,Inter,False,,Understat (stima da xG)
Kessiè,C,Atalanta,12,47,2.99,101.6,8.467,Bassa,Ballottaggio,Juventus,False,,Understat (stima da xG)
Thorstvedt,C,Sassuolo,10,39,2.46,83.8,8.38,Media,Ballottaggio,Monza,False,,Understat (stima da xG)
Cambiaso,D,Juventus,8,18,1.96,66.6,8.325,Bassa,Riserva,Atalanta,False,,Understat (stima da xG)
Elmas,C,Atalanta,7,22,1.71,58.2,8.314,Media,Ballottaggio,Juventus,False,,Understat (stima da xG)
Konè I.,C,Sassuolo,8,20,1.95,66.3,8.288,Bassa,Ballottaggio,Monza,False,,Stima generica (nessun dato reale trovato)
Almqvist,C,Parma,4,11,0.97,33.1,8.275,Media,Riserva,Genoa,False,,Understat (stima da xG)
Pellegrini Lo.,C,Roma,9,20,2.19,74.4,8.267,Alta,Ballottaggio,Inter,False,,FPEDIA (fantamedia reale)
Mandragora,C,Torino,8,23,1.93,65.6,8.2,Bassa,Ballottaggio,Bologna,False,,Stima generica (nessun dato reale trovato)
Dovbyk,A,Bologna,15,51,3.58,121.7,8.113,Media,Riserva,Torino,False,,Understat (stima da xG)
Paz N.,C,Como,29,245,6.72,228.4,7.876,Bassa,Titolare,Frosinone,False,,Stima generica (nessun dato reale trovato)
Barella,C,Inter,18,81,4.16,141.4,7.856,Media,Titolare,Roma,False,,Understat (stima da xG)
Ramos G.,A,Milan,27,237,6.23,211.9,7.848,Bassa,Ballottaggio,Lecce,False,,Stima generica (nessun dato reale trovato)
Santos A.,A,Napoli,14,61,3.21,109.2,7.8,Bassa,Ballottaggio,Fiorentina,False,,Stima generica (nessun dato reale trovato)
Samardzic,C,Atalanta,13,44,2.98,101.2,7.785,Alta,Ballottaggio,Juventus,False,,FPEDIA (fantamedia reale)
Terzic,D,Frosinone,4,8,0.91,30.8,7.7,Bassa,Riserva,Como,False,,Understat (stima da xG)
Liberali,C,Como,6,21,1.33,45.4,7.567,Bassa,Riserva,Frosinone,False,,Understat (stima da xG)
Lazzari,D,Lazio,2,5,0.44,15.1,7.55,Bassa,Riserva,Venezia,False,,Understat (stima da xG)
Sulemana K.,A,Atalanta,6,8,1.33,45.2,7.533,Bassa,Riserva,Juventus,False,,Stima generica (nessun dato reale trovato)
Svilar,P,Roma,19,85,4.2,142.8,7.516,Media,Titolare,Inter,False,,Understat (stima da xG)
Malen,A,Roma,38,450,8.26,280.7,7.387,Media,Titolare,Inter,False,,Understat (stima da xG)
De Roon,C,Roma,4,10,0.86,29.2,7.3,Bassa,Riserva,Inter,False,,Understat (stima da xG)
Beto,A,Fiorentina,14,50,3.0,102.0,7.286,Bassa,Ballottaggio,Napoli,False,,Understat (stima da xG)
Obrador,D,Sassuolo,6,13,1.27,43.2,7.2,Bassa,Riserva,Monza,False,,Understat (stima da xG)
De Ketelaere,A,Atalanta,17,95,3.49,118.5,6.971,Alta,Titolare,Juventus,False,,FPEDIA (fantamedia reale)
Goncalves P.,C,Fiorentina,12,50,2.43,82.6,6.883,Bassa,Ballottaggio,Napoli,False,,Understat (stima da xG)
Kaba,C,Lecce,1,2,0.2,6.8,6.8,Bassa,Riserva,AC Milan,False,,Understat (stima da xG)
Raspadori,A,Atalanta,14,73,2.77,94.3,6.736,Media,Ballottaggio,Juventus,False,,Understat (stima da xG)
Berardi,A,Sassuolo,19,106,3.51,119.3,6.279,Media,Ballottaggio,Monza,False,,Understat (stima da xG)
Spence,D,Inter,11,37,2.01,68.4,6.218,Bassa,Ballottaggio,Roma,False,,Stima generica (nessun dato reale trovato)
Kean,A,Como,24,183,4.38,148.8,6.2,Media,Ballottaggio,Frosinone,False,,Understat (stima da xG)
Sucic P.,C,Inter,9,21,1.63,55.5,6.167,Bassa,Ballottaggio,Roma,False,,Stima generica (nessun dato reale trovato)
Davis K.,A,Udinese,19,108,3.42,116.2,6.116,Bassa,Ballottaggio,Cagliari,False,,Stima generica (nessun dato reale trovato)
Hutchinson,C,Milan,8,25,1.42,48.2,6.025,Bassa,Riserva,Lecce,False,,Understat (stima da xG)
Scamacca,A,Atalanta,19,110,3.31,112.6,5.926,Media,Titolare,Juventus,False,,Understat (stima da xG)
Esposito Se.,A,Sassuolo,12,40,2.05,69.8,5.817,Bassa,Ballottaggio,Monza,False,,Stima generica (nessun dato reale trovato)
Martinez Jo.,P,Inter,17,68,2.8,95.3,5.606,Alta,Titolare,Roma,False,,FPEDIA (fantamedia reale)
Mora,C,Roma,20,100,3.23,109.9,5.495,Media,Ballottaggio,Inter,False,,Understat (stima da xG)
Castro S.,A,Roma,14,70,2.2,74.8,5.343,Bassa,Ballottaggio,Inter,False,,Stima generica (nessun dato reale trovato)
Stones,D,Inter,12,25,1.87,63.7,5.308,Media,Ballottaggio,Roma,False,,Understat (stima da xG)
Thuram,A,Inter,28,249,4.33,147.3,5.261,Media,Ballottaggio,Roma,False,,Understat (stima da xG)
Jones C.,C,Inter,12,47,1.85,62.8,5.233,Bassa,Ballottaggio,Roma,False,,Stima generica (nessun dato reale trovato)
Orsolini,C,Bologna,25,177,3.67,124.9,4.996,Bassa,Ballottaggio,Torino,False,,Understat (stima da xG)
Bobcek,A,Frosinone,9,31,1.32,44.9,4.989,Bassa,Riserva,Como,False,,Understat (stima da xG)
Molina N.,D,Roma,18,78,2.56,87.0,4.833,Bassa,Ballottaggio,Inter,False,,Stima generica (nessun dato reale trovato)
Kulenovic,A,Torino,4,9,0.56,19.1,4.775,Bassa,Riserva,Bologna,False,,Understat (stima da xG)
Koulierakis,D,Roma,8,15,1.12,38.1,4.762,Bassa,Riserva,Inter,False,,Understat (stima da xG)
Dimarco,D,Inter,31,240,4.29,146.0,4.71,Media,Titolare,Roma,False,,Understat (stima da xG)
Sutalo J.,D,Lazio,7,19,0.87,29.7,4.243,Alta,Riserva,Venezia,False,,FPEDIA (fantamedia reale)
Woltemade,A,Juventus,23,160,2.81,95.7,4.161,Alta,Riserva,Atalanta,False,,FPEDIA (fantamedia reale)
Zapata D.,A,Torino,6,12,0.7,24.0,4.0,Alta,Riserva,Bologna,False,,FPEDIA (fantamedia reale)
Caleta-Car,D,Sassuolo,6,15,0.69,23.6,3.933,Bassa,Riserva,Monza,False,,Understat (stima da xG)
Martinez L.,A,Inter,33,361,3.76,127.9,3.876,Media,Titolare,Roma,False,,Understat (stima da xG)
Gabbia,D,Milan,7,15,0.79,27.0,3.857,Bassa,Riserva,Lecce,False,,Understat (stima da xG)
Esposito F.P.,A,Inter,17,105,1.92,65.2,3.835,Bassa,Ballottaggio,Roma,False,,Stima generica (nessun dato reale trovato)
Rrahmani Al.,A,Venezia,7,13,0.77,26.2,3.743,Alta,Riserva,Lazio,False,,FPEDIA (fantamedia reale)
Gatti,D,Juventus,4,10,0.41,13.9,3.475,Bassa,Riserva,Atalanta,False,,Understat (stima da xG)
Krstovic,A,Atalanta,18,98,1.83,62.2,3.456,Media,Riserva,Juventus,False,,Understat (stima da xG)
Arizala,D,Udinese,4,8,0.4,13.6,3.4,Bassa,Riserva,Cagliari,False,,Understat (stima da xG)
Terracciano,P,Milan,1,1,0.09,3.1,3.1,Alta,Riserva,Lecce,False,,FPEDIA (fantamedia reale)
Camarda,A,Milan,4,20,0.36,12.2,3.05,Bassa,Riserva,Lecce,False,,Understat (stima da xG)
Badiashile,D,Napoli,7,18,0.58,19.8,2.829,Bassa,Riserva,Fiorentina,False,,Understat (stima da xG)
Grillitsch,C,Frosinone,4,10,0.33,11.2,2.8,Bassa,Riserva,Como,False,,Understat (stima da xG)
Amey,D,Frosinone,1,1,0.07,2.3,2.3,Bassa,Riserva,Como,False,,Understat (stima da xG)
Aurelio,D,Cagliari,2,5,0.12,4.2,2.1,Bassa,Riserva,Udinese,False,,Understat (stima da xG)
Birligea,A,Frosinone,5,11,0.26,8.9,1.78,Bassa,Riserva,Como,False,,Understat (stima da xG)
Terracciano F.,D,Milan,2,4,0.09,3.0,1.5,Alta,Riserva,Lecce,False,,FPEDIA (fantamedia reale)
Mbangula,C,Bologna,8,28,0.33,11.1,1.388,Bassa,Riserva,Torino,False,,Understat (stima da xG)
Mutandwa,A,Cagliari,6,7,0.12,4.0,0.667,Bassa,Riserva,Udinese,False,,Understat (stima da xG)
Gandelman,C,Lecce,4,10,0.07,2.4,0.6,Alta,Riserva,AC Milan,False,,FPEDIA (fantamedia reale)
Rensch,D,Roma,4,14,0.06,1.9,0.475,Bassa,Riserva,Inter,False,,Understat (stima da xG)
Nicolussi Caviglia,C,Parma,6,16,0.0,0.0,0.0,Alta,Riserva,Genoa,True,Infortunato (da FantacalcioPedia),FPEDIA (fantamedia reale)
Piotrowski,C,Udinese,6,15,0.0,0.0,0.0,Alta,Riserva,Cagliari,True,Infortunato (da FantacalcioPedia),FPEDIA (fantamedia reale)
Dele-Bashiru,C,Lazio,5,13,0.0,0.0,0.0,Alta,Riserva,Venezia,True,Infortunato (da FantacalcioPedia),FPEDIA (fantamedia reale)
Bella-Kotchap,D,Venezia,5,13,0.0,0.0,0.0,Alta,Riserva,Lazio,True,Infortunato (da FantacalcioPedia),FPEDIA (fantamedia reale)
El Azzouzi O.,C,Bologna,2,10,0.0,0.0,0.0,Alta,Riserva,Torino,True,Infortunato (da FantacalcioPedia),FPEDIA (fantamedia reale)
Berisha M.,C,Lecce,4,12,0.0,0.0,0.0,Alta,Riserva,AC Milan,True,Infortunato (da FantacalcioPedia),FPEDIA (fantamedia reale)
El Azzouzi A.,C,Frosinone,1,1,0.0,0.0,0.0,Alta,Riserva,Como,True,Infortunato (da FantacalcioPedia),FPEDIA (fantamedia reale)
Calhanoglu,C,Inter,28,243,0.0,0.0,0.0,Alta,Riserva,Roma,True,Infortunato (da FantacalcioPedia),FPEDIA (fantamedia reale)
McTominay,C,Napoli,27,220,0.0,0.0,0.0,Alta,Riserva,Fiorentina,True,Infortunato (da FantacalcioPedia),FPEDIA (fantamedia reale)
Ziolkowski,D,Monza,1,8,0.0,0.0,0.0,Alta,Riserva,Sassuolo,True,Infortunato (da FantacalcioPedia),FPEDIA (fantamedia reale)
Marianucci,D,Napoli,1,3,0.0,0.0,0.0,Alta,Riserva,Fiorentina,True,Infortunato (da FantacalcioPedia),FPEDIA (fantamedia reale)
Idrissi R.,D,Cagliari,3,3,0.0,0.0,0.0,Alta,Riserva,Udinese,True,Infortunato (da FantacalcioPedia),FPEDIA (fantamedia reale)
Adams C.,A,Torino,10,33,0.0,0.0,0.0,Alta,Riserva,Bologna,True,Infortunato (da FantacalcioPedia),FPEDIA (fantamedia reale)
