Squadra,ATA,BOL,CAG,COM,FIO,FRO,GEN,INT,JUV,LAZ,LEC,MIL,MON,NAP,PAR,ROM,SAS,TOR,UDI,VEN
ATA,100,91,86,84,86,80,84,84,86,88,86,84,92,89,89,86,95,89,91,83
BOL,91.0,100,86,93,84,89,80,95,92,79,87,89,80,88,86,95,83,79,86,91
CAG,86.0,86.0,100,87,87,84,84,93,92,92,84,92,84,87,79,88,82,79,86,80
COM,84.0,93.0,87.0,100,92,84,86,86,87,87,86,87,88,87,87,86,92,92,93,83
FIO,86.0,84.0,87.0,92.0,100,84,82,86,91,83,83,93,86,89,86,87,80,82,86,87
FRO,80.0,89.0,84.0,84.0,84.0,100,92,91,91,91,78,91,82,91,82,87,87,89,78,82
GEN,84.0,80.0,84.0,86.0,82.0,92.0,100,86,86,83,93,87,84,88,91,89,82,79,88,88
INT,84.0,95.0,93.0,86.0,86.0,91.0,86.0,100,80,87,89,80,93,86,88,84,91,92,88,87
JUV,86.0,92.0,92.0,87.0,91.0,91.0,86.0,80.0,100,92,88,78,89,84,91,86,88,92,85,88
LAZ,88.0,79.0,92.0,87.0,83.0,91.0,83.0,87.0,92.0,100,93,87,88,87,89,87,87,79,86,88
LEC,86.0,87.0,84.0,86.0,83.0,78.0,93.0,89.0,88.0,93.0,100,93,83,93,76,82,83,87,84,83
MIL,84.0,89.0,92.0,87.0,93.0,91.0,87.0,80.0,78.0,87.0,93.0,100,84,80,93,87,92,92,88,87
MON,92.0,80.0,84.0,88.0,86.0,82.0,84.0,93.0,89.0,88.0,83.0,84.0,100,88,89,87,93,84,87,92
NAP,89.0,88.0,87.0,87.0,89.0,91.0,88.0,86.0,84.0,87.0,93.0,80.0,88.0,100,86,83,86,82,84,91
PAR,89.0,86.0,79.0,87.0,86.0,82.0,91.0,88.0,91.0,89.0,76.0,93.0,89.0,86.0,100,86,83,86,82,84
ROM,86.0,95.0,88.0,86.0,87.0,87.0,89.0,84.0,86.0,87.0,82.0,87.0,87.0,83.0,86.0,100,88,88,87,92
SAS,95.0,83.0,82.0,92.0,80.0,87.0,82.0,91.0,88.0,87.0,83.0,92.0,93.0,86.0,83.0,88.0,100,80,82,92
TOR,89.0,79.0,79.0,92.0,82.0,89.0,79.0,92.0,92.0,79.0,87.0,92.0,84.0,82.0,86.0,88.0,80.0,100,87,83
UDI,91.0,86.0,86.0,93.0,86.0,78.0,88.0,88.0,85.0,86.0,84.0,88.0,87.0,84.0,82.0,87.0,82.0,87.0,100,87
VEN,83.0,91.0,80.0,83.0,87.0,82.0,88.0,87.0,88.0,88.0,83.0,87.0,92.0,91.0,84.0,92.0,92.0,83.0,87.0,100
